time,header_stamp_secs,header_stamp_nsecs,header_frame_id,name_0,position_0
2024/12/16 14:48:48.762926473,0,0,,leg3grip1,-1.3835880810469783
2024/12/16 14:48:48.762952822,0,0,,leg3link4_link5,0.0020542236183019574
2024/12/16 14:48:48.762965673,0,0,,leg3link6_link7,0.00013694824122013048
2024/12/16 14:48:48.762979643,0,0,,leg3link5_link6,0.0016433788946415657
2024/12/16 14:48:48.762990983,0,0,,leg3link3_link4,-0.003149809548063001
2024/12/16 14:48:48.763001819,0,0,,leg3link2_link3,0.0016433788946415657
2024/12/16 14:48:48.763014209,0,0,,leg3link7_link8,-0.0005477929648805219
2024/12/16 14:48:48.763026322,0,0,,leg3grip2,0.7863568010859892
2024/12/16 14:48:48.763037914,0,0,,leg3base_link_link2,0.0020542236183019574
2024/12/16 14:48:49.822966084,0,0,,leg3grip1,-1.3835880810469783
2024/12/16 14:48:49.822994957,0,0,,leg3link4_link5,0.0020542236183019574
2024/12/16 14:48:49.823013137,0,0,,leg3link6_link7,0.00013694824122013048
2024/12/16 14:48:49.823025107,0,0,,leg3link5_link6,0.0016433788946415657
2024/12/16 14:48:49.823035704,0,0,,leg3link3_link4,-0.003149809548063001
2024/12/16 14:48:49.823046188,0,0,,leg3link2_link3,0.0016433788946415657
2024/12/16 14:48:49.823056683,0,0,,leg3link7_link8,-0.0005477929648805219
2024/12/16 14:48:49.823067356,0,0,,leg3grip2,0.7863568010859892
2024/12/16 14:48:49.823079657,0,0,,leg3base_link_link2,0.0020542236183019574
2024/12/16 14:48:54.363523251,0,0,,leg3grip1,-1.3835880810469783
2024/12/16 14:48:54.363543874,0,0,,leg3link4_link5,0.0020542236183019574
2024/12/16 14:48:54.363561917,0,0,,leg3link6_link7,0.00013694824122013048
2024/12/16 14:48:54.363575187,0,0,,leg3link5_link6,0.0016433788946415657
2024/12/16 14:48:54.363586923,0,0,,leg3link3_link4,-0.003149809548063001
2024/12/16 14:48:54.363598359,0,0,,leg3link2_link3,0.0016433788946415657
2024/12/16 14:48:54.363609829,0,0,,leg3link7_link8,-0.0005477929648805219
2024/12/16 14:48:54.363620907,0,0,,leg3grip2,0.7863568010859892
2024/12/16 14:48:54.363632155,0,0,,leg3base_link_link2,0.0020542236183019574
2024/12/16 14:48:58.911770865,0,0,,leg3grip1,-1.3835880810469783
2024/12/16 14:48:58.911790937,0,0,,leg3link4_link5,0.0020542236183019574
2024/12/16 14:48:58.911802924,0,0,,leg3link6_link7,-0.0017803271358616962
2024/12/16 14:48:58.911828396,0,0,,leg3link5_link6,0.0013694824122013048
2024/12/16 14:48:58.911840139,0,0,,leg3link3_link4,-0.003149809548063001
2024/12/16 14:48:58.911850563,0,0,,leg3link2_link3,0.0015064306534214352
2024/12/16 14:48:58.911861087,0,0,,leg3link7_link8,-0.00041084472366039143
2024/12/16 14:48:58.911871989,0,0,,leg3grip2,0.786219852844769
2024/12/16 14:48:58.911883358,0,0,,leg3base_link_link2,0.0020542236183019574
2024/12/16 14:48:59.851697756,0,0,,leg3grip1,-1.3835880810469783
2024/12/16 14:48:59.851709855,0,0,,leg3link4_link5,0.0020542236183019574
2024/12/16 14:48:59.851720331,0,0,,leg3link6_link7,-0.0017803271358616962
2024/12/16 14:48:59.851730802,0,0,,leg3link5_link6,0.0013694824122013048
2024/12/16 14:48:59.851840888,0,0,,leg3link3_link4,-0.003149809548063001
2024/12/16 14:48:59.851853398,0,0,,leg3link2_link3,0.0015064306534214352
2024/12/16 14:48:59.851863451,0,0,,leg3link7_link8,-0.00041084472366039143
2024/12/16 14:48:59.851873769,0,0,,leg3grip2,0.786219852844769
2024/12/16 14:48:59.851883902,0,0,,leg3base_link_link2,0.0020542236183019574
2024/12/16 14:49:03.564110518,0,0,,leg3base_link_link2,0.28663266887373307
2024/12/16 14:49:03.564130662,0,0,,leg3link2_link3,0.3446987231510684
2024/12/16 14:49:03.564169773,0,0,,leg3link3_link4,-0.14502818745211818
2024/12/16 14:49:03.564180924,0,0,,leg3link4_link5,2.7218462942500934
2024/12/16 14:49:03.564328666,0,0,,leg3link5_link6,0.1959729331860067
2024/12/16 14:49:03.564348355,0,0,,leg3link6_link7,0.7558173432939
2024/12/16 14:49:03.564360726,0,0,,leg3link7_link8,0.0669676899566438
2024/12/16 14:49:23.503793552,0,0,,leg3grip1,-1.3835880810469783
2024/12/16 14:49:23.503812582,0,0,,leg3link4_link5,2.7181486917371496
2024/12/16 14:49:23.503824096,0,0,,leg3link6_link7,0.754721757364139
2024/12/16 14:49:23.503835540,0,0,,leg3link5_link6,0.19665767439210735
2024/12/16 14:49:23.503891337,0,0,,leg3link3_link4,-0.14228922262771557
2024/12/16 14:49:23.503903726,0,0,,leg3link2_link3,0.34360313722130736
2024/12/16 14:49:23.503914293,0,0,,leg3link7_link8,0.06628294875054315
2024/12/16 14:49:23.503925408,0,0,,leg3grip2,0.786219852844769
2024/12/16 14:49:23.503935917,0,0,,leg3base_link_link2,0.28389370404933045
2024/12/16 14:49:26.802771120,0,0,,leg3grip1,-1.3835880810469783
2024/12/16 14:49:26.802792781,0,0,,leg3link4_link5,2.7181486917371496
2024/12/16 14:49:26.802825705,0,0,,leg3link6_link7,0.754721757364139
2024/12/16 14:49:26.802837287,0,0,,leg3link5_link6,0.19665767439210735
2024/12/16 14:49:26.803004397,0,0,,leg3link3_link4,-0.14228922262771557
2024/12/16 14:49:26.803024276,0,0,,leg3link2_link3,0.34360313722130736
2024/12/16 14:49:26.803039067,0,0,,leg3link7_link8,0.06628294875054315
2024/12/16 14:49:26.803051019,0,0,,leg3grip2,0.786219852844769
2024/12/16 14:49:26.803157891,0,0,,leg3base_link_link2,0.28389370404933045
2024/12/16 14:49:27.196857765,0,0,,leg3grip1,-1.3835880810469783
2024/12/16 14:49:27.196871735,0,0,,leg3link4_link5,2.7181486917371496
2024/12/16 14:49:27.196886027,0,0,,leg3link6_link7,0.754721757364139
2024/12/16 14:49:27.196898163,0,0,,leg3link5_link6,0.19665767439210735
2024/12/16 14:49:27.196908393,0,0,,leg3link3_link4,-0.14228922262771557
2024/12/16 14:49:27.196989082,0,0,,leg3link2_link3,0.34360313722130736
2024/12/16 14:49:27.197004934,0,0,,leg3link7_link8,0.06628294875054315
2024/12/16 14:49:27.197017729,0,0,,leg3grip2,0.786219852844769
2024/12/16 14:49:27.197027886,0,0,,leg3base_link_link2,0.28389370404933045
2024/12/16 14:49:27.386770191,0,0,,leg3grip1,-1.3835880810469783
2024/12/16 14:49:27.386782314,0,0,,leg3link4_link5,2.7181486917371496
2024/12/16 14:49:27.386793671,0,0,,leg3link6_link7,0.754721757364139
2024/12/16 14:49:27.386805690,0,0,,leg3link5_link6,0.19665767439210735
2024/12/16 14:49:27.386816738,0,0,,leg3link3_link4,-0.14228922262771557
2024/12/16 14:49:27.386827978,0,0,,leg3link2_link3,0.34360313722130736
2024/12/16 14:49:27.386848045,0,0,,leg3link7_link8,0.06628294875054315
2024/12/16 14:49:27.386870793,0,0,,leg3grip2,0.786219852844769
2024/12/16 14:49:27.386892246,0,0,,leg3base_link_link2,0.28389370404933045
2024/12/16 14:49:27.764461909,0,0,,leg3grip1,-1.3835880810469783
2024/12/16 14:49:27.764490399,0,0,,leg3link4_link5,2.7181486917371496
2024/12/16 14:49:27.764510673,0,0,,leg3link6_link7,0.754721757364139
2024/12/16 14:49:27.764532032,0,0,,leg3link5_link6,0.19665767439210735
2024/12/16 14:49:27.764555906,0,0,,leg3link3_link4,-0.14228922262771557
2024/12/16 14:49:27.764567314,0,0,,leg3link2_link3,0.34360313722130736
2024/12/16 14:49:27.764588724,0,0,,leg3link7_link8,0.06628294875054315
2024/12/16 14:49:27.764612875,0,0,,leg3grip2,0.786219852844769
2024/12/16 14:49:27.764634279,0,0,,leg3base_link_link2,0.28389370404933045
2024/12/16 14:49:28.132036155,0,0,,leg3grip1,-1.3835880810469783
2024/12/16 14:49:28.132064795,0,0,,leg3link4_link5,2.7181486917371496
2024/12/16 14:49:28.132109940,0,0,,leg3link6_link7,0.754721757364139
2024/12/16 14:49:28.132159221,0,0,,leg3link5_link6,0.19665767439210735
2024/12/16 14:49:28.132208852,0,0,,leg3link3_link4,-0.14228922262771557
2024/12/16 14:49:28.132268667,0,0,,leg3link2_link3,0.34360313722130736
2024/12/16 14:49:28.132317794,0,0,,leg3link7_link8,0.06628294875054315
2024/12/16 14:49:28.132370264,0,0,,leg3grip2,0.786219852844769
2024/12/16 14:49:28.132414181,0,0,,leg3base_link_link2,0.28389370404933045
2024/12/16 14:49:29.825120011,0,0,,leg3grip1,-1.3835880810469783
2024/12/16 14:49:29.825150647,0,0,,leg3link4_link5,2.717600898772269
2024/12/16 14:49:29.825181613,0,0,,leg3link6_link7,0.7596518940480638
2024/12/16 14:49:29.825205889,0,0,,leg3link5_link6,0.19665767439210735
2024/12/16 14:49:29.825227632,0,0,,leg3link3_link4,-0.14228922262771557
2024/12/16 14:49:29.825249334,0,0,,leg3link2_link3,0.3281279859634326
2024/12/16 14:49:29.825270565,0,0,,leg3link7_link8,0.06628294875054315
2024/12/16 14:49:29.825291702,0,0,,leg3grip2,0.786219852844769
2024/12/16 14:49:29.825312814,0,0,,leg3base_link_link2,0.28389370404933045
2024/12/16 14:49:34.998821130,0,0,,leg3grip1,-1.3835880810469783
2024/12/16 14:49:34.998851306,0,0,,leg3link4_link5,2.7767625389793658
2024/12/16 14:49:34.998876779,0,0,,leg3link6_link7,0.7006272020821875
2024/12/16 14:49:34.998994045,0,0,,leg3link5_link6,0.1806347301693521
2024/12/16 14:49:34.999021931,0,0,,leg3link3_link4,-0.14228922262771557
2024/12/16 14:49:34.999044973,0,0,,leg3link2_link3,0.4613786246706196
2024/12/16 14:49:34.999074784,0,0,,leg3link7_link8,0.07176087839934837
2024/12/16 14:49:34.999120582,0,0,,leg3grip2,0.786219852844769
2024/12/16 14:49:34.999170738,0,0,,leg3base_link_link2,0.28389370404933045
2024/12/16 14:49:36.201559813,0,0,,leg3grip1,-1.3835880810469783
2024/12/16 14:49:36.201644306,0,0,,leg3link4_link5,2.7936071726494416
2024/12/16 14:49:36.201656231,0,0,,leg3link6_link7,0.6963818066043634
2024/12/16 14:49:36.201753358,0,0,,leg3link5_link6,0.1806347301693521
2024/12/16 14:49:36.201764233,0,0,,leg3link3_link4,-0.14228922262771557
2024/12/16 14:49:36.201854954,0,0,,leg3link2_link3,0.4745256558277521
2024/12/16 14:49:36.201865901,0,0,,leg3link7_link8,0.07176087839934837
2024/12/16 14:49:36.201956614,0,0,,leg3grip2,0.786219852844769
2024/12/16 14:49:36.201967502,0,0,,leg3base_link_link2,0.2881390995271545
2024/12/16 14:49:37.484985371,0,0,,leg3grip1,-1.3835880810469783
2024/12/16 14:49:37.484997113,0,0,,leg3link4_link5,2.7873075535533154
2024/12/16 14:49:37.485106084,0,0,,leg3link6_link7,0.6978882372577849
2024/12/16 14:49:37.485117876,0,0,,leg3link5_link6,0.1806347301693521
2024/12/16 14:49:37.485222963,0,0,,leg3link3_link4,-0.14228922262771557
2024/12/16 14:49:37.485234734,0,0,,leg3link2_link3,0.47384091462165145
2024/12/16 14:49:37.485245843,0,0,,leg3link7_link8,0.07176087839934837
2024/12/16 14:49:37.485291634,0,0,,leg3grip2,0.786219852844769
2024/12/16 14:49:37.485342484,0,0,,leg3base_link_link2,0.2893716336981357
2024/12/16 14:49:39.116700465,0,0,,leg3grip1,-1.3835880810469783
2024/12/16 14:49:39.116727381,0,0,,leg3link4_link5,2.7622460254100316
2024/12/16 14:49:39.116751935,0,0,,leg3link6_link7,0.6794002246930673
2024/12/16 14:49:39.116772182,0,0,,leg3link5_link6,0.1802238854456917
2024/12/16 14:49:39.116792587,0,0,,leg3link3_link4,-0.14228922262771557
2024/12/16 14:49:39.116803813,0,0,,leg3link2_link3,0.4609677799469592
2024/12/16 14:49:39.116824948,0,0,,leg3link7_link8,0.07176087839934837
2024/12/16 14:49:39.116845399,0,0,,leg3grip2,0.7863568010859892
2024/12/16 14:49:39.116856678,0,0,,leg3base_link_link2,0.2829350663607896
2024/12/16 14:49:41.370377348,0,0,,leg3grip1,-1.3835880810469783
2024/12/16 14:49:41.370406404,0,0,,leg3link4_link5,2.7307479299294015
2024/12/16 14:49:41.370433327,0,0,,leg3link6_link7,0.6390004935331288
2024/12/16 14:49:41.370453398,0,0,,leg3link5_link6,0.17104835328394297
2024/12/16 14:49:41.370473692,0,0,,leg3link3_link4,-0.14228922262771557
2024/12/16 14:49:41.370494558,0,0,,leg3link2_link3,0.4813730678887586
2024/12/16 14:49:41.370515216,0,0,,leg3link7_link8,0.07176087839934837
2024/12/16 14:49:41.370527082,0,0,,leg3grip2,0.7863568010859892
2024/12/16 14:49:41.370548258,0,0,,leg3base_link_link2,0.2775940849532045
2024/12/16 14:49:44.167050599,0,0,,leg3grip1,-1.3835880810469783
2024/12/16 14:49:44.167077662,0,0,,leg3link4_link5,2.7336238429950246
2024/12/16 14:49:44.167100535,0,0,,leg3link6_link7,0.6362615287087262
2024/12/16 14:49:44.167125168,0,0,,leg3link5_link6,0.17008971559540206
2024/12/16 14:49:44.167146947,0,0,,leg3link3_link4,-0.14228922262771557
2024/12/16 14:49:44.167168279,0,0,,leg3link2_link3,0.48192086085363917
2024/12/16 14:49:44.167189328,0,0,,leg3link7_link8,0.07176087839934837
2024/12/16 14:49:44.167210158,0,0,,leg3grip2,0.7863568010859892
2024/12/16 14:49:44.167231025,0,0,,leg3base_link_link2,0.2775940849532045
2024/12/16 14:49:45.645178817,0,0,,leg3grip1,-1.3835880810469783
2024/12/16 14:49:45.645198580,0,0,,leg3link4_link5,2.7336238429950246
2024/12/16 14:49:45.645313272,0,0,,leg3link6_link7,0.6362615287087262
2024/12/16 14:49:45.645333358,0,0,,leg3link5_link6,0.17008971559540206
2024/12/16 14:49:45.645476684,0,0,,leg3link3_link4,-0.14228922262771557
2024/12/16 14:49:45.645614517,0,0,,leg3link2_link3,0.48192086085363917
2024/12/16 14:49:45.645635024,0,0,,leg3link7_link8,0.07176087839934837
2024/12/16 14:49:45.645659941,0,0,,leg3grip2,0.7863568010859892
2024/12/16 14:49:45.645686126,0,0,,leg3base_link_link2,0.2775940849532045
2024/12/16 14:49:48.384403032,0,0,,leg3grip1,-1.3835880810469783
2024/12/16 14:49:48.384563091,0,0,,leg3link4_link5,2.7336238429950246
2024/12/16 14:49:48.384574750,0,0,,leg3link6_link7,0.6362615287087262
2024/12/16 14:49:48.384585898,0,0,,leg3link5_link6,0.17008971559540206
2024/12/16 14:49:48.384805898,0,0,,leg3link3_link4,-0.14228922262771557
2024/12/16 14:49:48.384825496,0,0,,leg3link2_link3,0.48192086085363917
2024/12/16 14:49:48.384949212,0,0,,leg3link7_link8,0.07176087839934837
2024/12/16 14:49:48.384970764,0,0,,leg3grip2,0.7863568010859892
2024/12/16 14:49:48.384982765,0,0,,leg3base_link_link2,0.2775940849532045
2024/12/16 14:49:49.204602875,0,0,,leg3grip1,-1.3835880810469783
2024/12/16 14:49:49.204626638,0,0,,leg3link4_link5,2.7336238429950246
2024/12/16 14:49:49.204638695,0,0,,leg3link6_link7,0.6362615287087262
2024/12/16 14:49:49.204650225,0,0,,leg3link5_link6,0.17008971559540206
2024/12/16 14:49:49.204790721,0,0,,leg3link3_link4,-0.14228922262771557
2024/12/16 14:49:49.204809916,0,0,,leg3link2_link3,0.48192086085363917
2024/12/16 14:49:49.204821588,0,0,,leg3link7_link8,0.07176087839934837
2024/12/16 14:49:49.204832799,0,0,,leg3grip2,0.7863568010859892
2024/12/16 14:49:49.204849962,0,0,,leg3base_link_link2,0.2775940849532045
2024/12/16 14:49:51.585422014,0,0,,leg3grip1,-1.3835880810469783
2024/12/16 14:49:51.585441525,0,0,,leg3link4_link5,2.7336238429950246
2024/12/16 14:49:51.585562276,0,0,,leg3link6_link7,0.6362615287087262
2024/12/16 14:49:51.585582319,0,0,,leg3link5_link6,0.17008971559540206
2024/12/16 14:49:51.585597359,0,0,,leg3link3_link4,-0.14228922262771557
2024/12/16 14:49:51.585609888,0,0,,leg3link2_link3,0.48192086085363917
2024/12/16 14:49:51.585754960,0,0,,leg3link7_link8,0.07176087839934837
2024/12/16 14:49:51.585779485,0,0,,leg3grip2,0.7863568010859892
2024/12/16 14:49:51.585808188,0,0,,leg3base_link_link2,0.2775940849532045
2024/12/16 14:49:51.935514874,0,0,,leg3grip1,-1.3684649403469782
2024/12/16 14:49:51.985400827,0,0,,leg3grip1,-1.3609674768469784
2024/12/16 14:49:52.35473687,0,0,,leg3grip1,-1.3534632774469784
2024/12/16 14:49:52.85440872,0,0,,leg3grip1,-1.3459649806969782
2024/12/16 14:49:52.135304432,0,0,,leg3grip1,-1.3384779493969783
2024/12/16 14:49:52.185332943,0,0,,leg3grip1,-1.3309777878469782
2024/12/16 14:49:52.235396221,0,0,,leg3grip1,-1.3234659133969782
2024/12/16 14:49:52.285466495,0,0,,leg3grip1,-1.3159647978469784
2024/12/16 14:49:52.335383749,0,0,,leg3grip1,-1.3084706128969783
2024/12/16 14:49:52.385474826,0,0,,leg3grip1,-1.3009655809969782
2024/12/16 14:49:52.435360886,0,0,,leg3grip1,-1.2934779550969784
2024/12/16 14:49:52.485367993,0,0,,leg3grip1,-1.2859771456969782
2024/12/16 14:49:52.535336868,0,0,,leg3grip1,-1.2784788654469783
2024/12/16 14:49:52.585343868,0,0,,leg3grip1,-1.2709793922469783
2024/12/16 14:49:52.635347638,0,0,,leg3grip1,-1.2634782717469784
2024/12/16 14:49:52.685265622,0,0,,leg3grip1,-1.2559778755969784
2024/12/16 14:49:52.735343597,0,0,,leg3grip1,-1.2484733776969783
2024/12/16 14:49:52.785321578,0,0,,leg3grip1,-1.2409770526969783
2024/12/16 14:49:52.835342031,0,0,,leg3grip1,-1.2334795485469783
2024/12/16 14:49:52.885228047,0,0,,leg3grip1,-1.2259784832469782
2024/12/16 14:49:52.935355248,0,0,,leg3grip1,-1.2184772341969783
2024/12/16 14:49:52.985361689,0,0,,leg3grip1,-1.2109795555969782
2024/12/16 14:49:53.35379441,0,0,,leg3grip1,-1.2034762515469783
2024/12/16 14:49:53.85389477,0,0,,leg3grip1,-1.1959778434969783
2024/12/16 14:49:53.135335444,0,0,,leg3grip1,-1.1884799109469784
2024/12/16 14:49:53.185338782,0,0,,leg3grip1,-1.1809791930469782
2024/12/16 14:49:53.235346585,0,0,,leg3grip1,-1.1734787013469783
2024/12/16 14:49:53.285358743,0,0,,leg3grip1,-1.1659795215469784
2024/12/16 14:49:53.335440181,0,0,,leg3grip1,-1.1584652488969782
2024/12/16 14:49:53.385401398,0,0,,leg3grip1,-1.1509735545469784
2024/12/16 14:49:53.435346409,0,0,,leg3grip1,-1.1434788163969782
2024/12/16 14:49:53.485345938,0,0,,leg3grip1,-1.1359794486469783
2024/12/16 14:49:53.535385500,0,0,,leg3grip1,-1.1284731310969782
2024/12/16 14:49:53.585432953,0,0,,leg3grip1,-1.1209674528469784
2024/12/16 14:49:53.635447365,0,0,,leg3grip1,-1.1134662999469782
2024/12/16 14:49:53.685401150,0,0,,leg3grip1,-1.1059656955969783
2024/12/16 14:49:53.735335711,0,0,,leg3grip1,-1.0984796845969784
2024/12/16 14:49:53.785362067,0,0,,leg3grip1,-1.0909728249469783
2024/12/16 14:49:53.835349686,0,0,,leg3grip1,-1.0834732416469783
2024/12/16 14:49:53.885426400,0,0,,leg3grip1,-1.0759736620969782
2024/12/16 14:49:53.935446224,0,0,,leg3grip1,-1.0684662406969783
2024/12/16 14:49:53.985373804,0,0,,leg3grip1,-1.0609807152469783
2024/12/16 14:49:54.35442016,0,0,,leg3grip1,-1.0534669029469783
2024/12/16 14:49:54.85534283,0,0,,leg3grip1,-1.0459485748969783
2024/12/16 14:49:54.135413067,0,0,,leg3grip1,-1.0384665724969784
2024/12/16 14:49:54.185429020,0,0,,leg3grip1,-1.0309656739969784
2024/12/16 14:49:54.235447523,0,0,,leg3grip1,-1.0234646515969783
2024/12/16 14:49:54.285394093,0,0,,leg3grip1,-1.0159667692969783
2024/12/16 14:49:54.335483949,0,0,,leg3grip1,-1.0084657875469782
2024/12/16 14:49:54.385443496,0,0,,leg3grip1,-1.0009668177469784
2024/12/16 14:49:54.435467785,0,0,,leg3grip1,-0.9934641340969783
2024/12/16 14:49:54.485447294,0,0,,leg3grip1,-0.9859647747469782
2024/12/16 14:49:54.535448111,0,0,,leg3grip1,-0.9784659507469783
2024/12/16 14:49:54.585317167,0,0,,leg3grip1,-0.9709721644969783
2024/12/16 14:49:54.635469878,0,0,,leg3grip1,-0.9634645882969783
2024/12/16 14:49:54.685410839,0,0,,leg3grip1,-0.9559645603969783
2024/12/16 14:49:54.735447336,0,0,,leg3grip1,-0.9484662265969783
2024/12/16 14:49:54.785439427,0,0,,leg3grip1,-0.9409729699969783
2024/12/16 14:49:54.835458531,0,0,,leg3grip1,-0.9334649508469783
2024/12/16 14:49:54.885357268,0,0,,leg3grip1,-0.9259732696969784
2024/12/16 14:49:54.935460731,0,0,,leg3grip1,-0.9184646914969783
2024/12/16 14:49:54.985259939,0,0,,leg3grip1,-0.9109814986969783
2024/12/16 14:49:55.35379374,0,0,,leg3grip1,-0.9034789698469783
2024/12/16 14:49:55.85490495,0,0,,leg3grip1,-0.8959619067469783
2024/12/16 14:49:55.135393623,0,0,,leg3grip1,-0.8884718794969783
2024/12/16 14:49:55.185460808,0,0,,leg3grip1,-0.8809653924469784
2024/12/16 14:49:55.235475689,0,0,,leg3grip1,-0.8734702672969783
2024/12/16 14:49:55.285355839,0,0,,leg3grip1,-0.8659743652969784
2024/12/16 14:49:55.335434763,0,0,,leg3grip1,-0.8584722514969784
2024/12/16 14:49:55.385439105,0,0,,leg3grip1,-0.8509648380469783
2024/12/16 14:49:55.435414582,0,0,,leg3grip1,-0.8434718211469783
2024/12/16 14:49:55.485346508,0,0,,leg3grip1,-0.8359729051969783
2024/12/16 14:49:55.535374490,0,0,,leg3grip1,-0.8284714495969783
2024/12/16 14:49:55.585437915,0,0,,leg3grip1,-0.8209647603469783
2024/12/16 14:49:55.635443385,0,0,,leg3grip1,-0.8134642848469783
2024/12/16 14:49:55.685365659,0,0,,leg3grip1,-0.8059750777969783
2024/12/16 14:49:55.735452536,0,0,,leg3grip1,-0.7984659468469782
2024/12/16 14:49:55.785388137,0,0,,leg3grip1,-0.7909677001969783
2024/12/16 14:49:55.835439104,0,0,,leg3grip1,-0.7834652341969783
2024/12/16 14:49:55.885451657,0,0,,leg3grip1,-0.7759675707469783
2024/12/16 14:49:55.935454323,0,0,,leg3grip1,-0.7684653567469782
2024/12/16 14:49:55.985480008,0,0,,leg3grip1,-0.7609655061469782
2024/12/16 14:49:56.35496731,0,0,,leg3grip1,-0.7534640509969783
2024/12/16 14:49:56.85319399,0,0,,leg3grip1,-0.7459737535969783
2024/12/16 14:49:56.135411840,0,0,,leg3grip1,-0.7384731184969783
2024/12/16 14:49:56.185426945,0,0,,leg3grip1,-0.7309662496969783
2024/12/16 14:49:56.235438632,0,0,,leg3grip1,-0.7234656106969783
2024/12/16 14:49:56.285409756,0,0,,leg3grip1,-0.7159712692969783
2024/12/16 14:49:56.335422229,0,0,,leg3grip1,-0.7084706455969783
2024/12/16 14:49:56.385395739,0,0,,leg3grip1,-0.7009654185469782
2024/12/16 14:49:56.435428226,0,0,,leg3grip1,-0.6934704309469782
2024/12/16 14:49:56.485495760,0,0,,leg3grip1,-0.6859634499469782
2024/12/16 14:49:56.535437014,0,0,,leg3grip1,-0.6784652259469782
2024/12/16 14:49:56.585304740,0,0,,leg3grip1,-0.6709803063469783
2024/12/16 14:49:56.635365815,0,0,,leg3grip1,-0.6634779222469783
2024/12/16 14:49:56.685352163,0,0,,leg3grip1,-0.6559724490469784
2024/12/16 14:49:56.735282488,0,0,,leg3grip1,-0.6484799745469784
2024/12/16 14:49:56.785466544,0,0,,leg3grip1,-0.6409650654469783
2024/12/16 14:49:56.835453443,0,0,,leg3grip1,-0.6334629622969783
2024/12/16 14:49:56.885333455,0,0,,leg3grip1,-0.6259738798969783
2024/12/16 14:49:56.935415983,0,0,,leg3grip1,-0.6184656591469784
2024/12/16 14:49:56.985423996,0,0,,leg3grip1,-0.6109641987469783
2024/12/16 14:49:57.35410453,0,0,,leg3grip1,-0.6034728954469782
2024/12/16 14:49:57.85440411,0,0,,leg3grip1,-0.5959738351969782
2024/12/16 14:49:57.135398972,0,0,,leg3grip1,-0.5884718293969783
2024/12/16 14:49:57.185415452,0,0,,leg3grip1,-0.5809671619969783
2024/12/16 14:49:57.235395223,0,0,,leg3grip1,-0.5734731714469783
2024/12/16 14:49:57.285390752,0,0,,leg3grip1,-0.5659648731469783
2024/12/16 14:49:57.335401057,0,0,,leg3grip1,-0.5584708072969783
2024/12/16 14:49:57.385358067,0,0,,leg3grip1,-0.5509720794469782
2024/12/16 14:49:57.435441532,0,0,,leg3grip1,-0.5434670524969782
2024/12/16 14:49:57.485350578,0,0,,leg3grip1,-0.5359804066969782
2024/12/16 14:49:57.535325074,0,0,,leg3grip1,-0.5284791057469783
2024/12/16 14:49:57.585359352,0,0,,leg3grip1,-0.5209779609469783
2024/12/16 14:49:57.635349377,0,0,,leg3grip1,-0.5134804617469784
2024/12/16 14:49:57.685309404,0,0,,leg3grip1,-0.5059760394469783
2024/12/16 14:49:57.735259230,0,0,,leg3grip1,-0.49848532864697837
2024/12/16 14:49:57.785386576,0,0,,leg3grip1,-0.49097718319697825
2024/12/16 14:49:57.835434338,0,0,,leg3grip1,-0.4834653594469783
2024/12/16 14:49:57.885435022,0,0,,leg3grip1,-0.4759660767469782
2024/12/16 14:49:57.935413085,0,0,,leg3grip1,-0.46847039989697825
2024/12/16 14:49:57.985333142,0,0,,leg3grip1,-0.4609780293469783
2024/12/16 14:49:58.35434440,0,0,,leg3grip1,-0.4534620556969783
2024/12/16 14:49:58.85372527,0,0,,leg3grip1,-0.44597895034697843
2024/12/16 14:49:58.135280350,0,0,,leg3grip1,-0.4384878433969783
2024/12/16 14:49:58.185346842,0,0,,leg3grip1,-0.4309750698469783
2024/12/16 14:49:58.235428499,0,0,,leg3grip1,-0.4234657893469784
2024/12/16 14:49:58.285391708,0,0,,leg3grip1,-0.41596974364697836
2024/12/16 14:49:58.335402585,0,0,,leg3grip1,-0.4095969730181636
2024/12/16 14:49:58.385421336,0,0,,leg3grip1,-0.40210135046816364
2024/12/16 14:49:58.435380066,0,0,,leg3grip1,-0.3960390971373707
2024/12/16 14:49:58.485348855,0,0,,leg3grip1,-0.3885397641873708
2024/12/16 14:49:58.535331638,0,0,,leg3grip1,-0.38508323783976023
2024/12/16 14:49:58.585365796,0,0,,leg3grip1,-0.3800161529146154
2024/12/16 14:49:58.635391746,0,0,,leg3grip1,-0.3800161529146154
2024/12/16 14:49:58.685379266,0,0,,leg3grip1,-0.37714023984899264
2024/12/16 14:49:58.735369592,0,0,,leg3grip1,-0.37714023984899264
2024/12/16 14:49:58.785326744,0,0,,leg3grip1,-0.37522296447191084
2024/12/16 14:49:58.835405024,0,0,,leg3grip1,-0.37522296447191084
2024/12/16 14:49:58.885278147,0,0,,leg3grip1,-0.37522296447191084
2024/12/16 14:49:58.936279008,0,0,,leg3grip1,-0.37522296447191084
2024/12/16 14:49:58.985250358,0,0,,leg3grip1,-0.37522296447191084
2024/12/16 14:49:59.35968018,0,0,,leg3grip1,-0.37522296447191084
2024/12/16 14:49:59.85371442,0,0,,leg3grip1,-0.37522296447191084
2024/12/16 14:49:59.135944793,0,0,,leg3grip1,-0.37522296447191084
2024/12/16 14:49:59.185399610,0,0,,leg3grip1,-0.37522296447191084
2024/12/16 14:49:59.235729712,0,0,,leg3grip1,-0.37522296447191084
2024/12/16 14:49:59.285354052,0,0,,leg3grip1,-0.37522296447191084
2024/12/16 14:49:59.335626847,0,0,,leg3grip1,-0.37522296447191084
2024/12/16 14:49:59.385362416,0,0,,leg3grip1,-0.37522296447191084
2024/12/16 14:49:59.435782157,0,0,,leg3grip1,-0.37522296447191084
2024/12/16 14:49:59.444587426,0,0,,leg3link4_link5,2.7336238429950246
2024/12/16 14:49:59.444608214,0,0,,leg3link6_link7,0.6362615287087262
2024/12/16 14:49:59.444620733,0,0,,leg3link5_link6,0.17008971559540206
2024/12/16 14:49:59.444632952,0,0,,leg3link3_link4,-0.14228922262771557
2024/12/16 14:49:59.444645459,0,0,,leg3link2_link3,0.48192086085363917
2024/12/16 14:49:59.444656579,0,0,,leg3link7_link8,0.07176087839934837
2024/12/16 14:49:59.444668240,0,0,,leg3grip2,0.7863568010859892
2024/12/16 14:49:59.444678988,0,0,,leg3base_link_link2,0.2775940849532045
2024/12/16 14:50:00.284871698,0,0,,leg3grip1,-0.4973960121115139
2024/12/16 14:50:00.284897682,0,0,,leg3link4_link5,2.7336238429950246
2024/12/16 14:50:00.284917556,0,0,,leg3link6_link7,0.6362615287087262
2024/12/16 14:50:00.284937367,0,0,,leg3link5_link6,0.17008971559540206
2024/12/16 14:50:00.284961813,0,0,,leg3link3_link4,-0.14228922262771557
2024/12/16 14:50:00.284975915,0,0,,leg3link2_link3,0.48192086085363917
2024/12/16 14:50:00.284997781,0,0,,leg3link7_link8,0.07176087839934837
2024/12/16 14:50:00.285018883,0,0,,leg3grip2,0.7863568010859892
2024/12/16 14:50:00.285030080,0,0,,leg3base_link_link2,0.2775940849532045
2024/12/16 14:50:02.224792854,0,0,,leg3grip1,-0.4978068568351743
2024/12/16 14:50:02.224818916,0,0,,leg3link4_link5,2.7336238429950246
2024/12/16 14:50:02.224834383,0,0,,leg3link6_link7,0.633933408607984
2024/12/16 14:50:02.224850394,0,0,,leg3link5_link6,0.16967887087174166
2024/12/16 14:50:02.224862813,0,0,,leg3link3_link4,-0.14228922262771557
2024/12/16 14:50:02.224879077,0,0,,leg3link2_link3,0.48192086085363917
2024/12/16 14:50:02.224896310,0,0,,leg3link7_link8,0.07176087839934837
2024/12/16 14:50:02.224912828,0,0,,leg3grip2,0.7863568010859892
2024/12/16 14:50:02.224929861,0,0,,leg3base_link_link2,0.2775940849532045
2024/12/16 14:50:04.119525156,0,0,,leg3grip2,0.7767661042359891
2024/12/16 14:50:04.169360441,0,0,,leg3grip2,0.7692771374859891
2024/12/16 14:50:04.219435282,0,0,,leg3grip2,0.7617683713359892
2024/12/16 14:50:04.269485676,0,0,,leg3grip2,0.7542699458859892
2024/12/16 14:50:04.319449312,0,0,,leg3grip2,0.7467680843859892
2024/12/16 14:50:04.369383338,0,0,,leg3grip2,0.7392754798359892
2024/12/16 14:50:04.419453764,0,0,,leg3grip2,0.7317671581359891
2024/12/16 14:50:04.469452582,0,0,,leg3grip2,0.7242692771859891
2024/12/16 14:50:04.519488880,0,0,,leg3grip2,0.7167656579859891
2024/12/16 14:50:04.569393890,0,0,,leg3grip2,0.7092668752359892
2024/12/16 14:50:04.619282215,0,0,,leg3grip2,0.7017808840359891
2024/12/16 14:50:04.669440466,0,0,,leg3grip2,0.6942686278359892
2024/12/16 14:50:04.719444634,0,0,,leg3grip2,0.6867689893359892
2024/12/16 14:50:04.769440185,0,0,,leg3grip2,0.6792661442859892
2024/12/16 14:50:04.819444944,0,0,,leg3grip2,0.6717665066859891
2024/12/16 14:50:04.869402875,0,0,,leg3grip2,0.6642670967859892
2024/12/16 14:50:04.919432278,0,0,,leg3grip2,0.6622664780693044
2024/12/16 14:50:04.969372053,0,0,,leg3grip2,0.6622664780693044
2024/12/16 14:50:05.19389026,0,0,,leg3grip2,0.6622664780693044
2024/12/16 14:50:05.69870295,0,0,,leg3grip2,0.6622664780693044
2024/12/16 14:50:05.120335063,0,0,,leg3grip2,0.6622664780693044
2024/12/16 14:50:05.169682112,0,0,,leg3grip2,0.6622664780693044
2024/12/16 14:50:05.219928815,0,0,,leg3grip2,0.6617186851044237
2024/12/16 14:50:05.269687680,0,0,,leg3grip2,0.6617186851044237
2024/12/16 14:50:05.319446319,0,0,,leg3grip2,0.657245289436951
2024/12/16 14:50:05.369412251,0,0,,leg3grip2,0.652774853226464
2024/12/16 14:50:05.419356090,0,0,,leg3grip2,0.6483095724413622
2024/12/16 14:50:05.469448642,0,0,,leg3grip2,0.6438342407849755
2024/12/16 14:50:05.519444851,0,0,,leg3grip2,0.6393635521047266
2024/12/16 14:50:05.569467900,0,0,,leg3grip2,0.6348940339579735
2024/12/16 14:50:05.619374178,0,0,,leg3grip2,0.6304243106348382
2024/12/16 14:50:05.669450459,0,0,,leg3grip2,0.6259539606967733
2024/12/16 14:50:05.719438652,0,0,,leg3grip2,0.6214836350759093
2024/12/16 14:50:05.769476105,0,0,,leg3grip2,0.6170144334103733
2024/12/16 14:50:05.819448660,0,0,,leg3grip2,0.6125443976290872
2024/12/16 14:50:05.869460264,0,0,,leg3grip2,0.6080726462335198
2024/12/16 14:50:05.919465540,0,0,,leg3grip2,0.6036039198262182
2024/12/16 14:50:05.969435134,0,0,,leg3grip2,0.5991339147096375
2024/12/16 14:50:06.19456461,0,0,,leg3grip2,0.5946638806269795
2024/12/16 14:50:06.69456068,0,0,,leg3grip2,0.5901923387884666
2024/12/16 14:50:06.119465948,0,0,,leg3grip2,0.5857233115452058
2024/12/16 14:50:06.169486957,0,0,,leg3grip2,0.5812521389347794
2024/12/16 14:50:06.219318640,0,0,,leg3grip2,0.5767881263989844
2024/12/16 14:50:06.269440448,0,0,,leg3grip2,0.5723130717083633
2024/12/16 14:50:06.319379062,0,0,,leg3grip2,0.5678437210105706
2024/12/16 14:50:06.369369205,0,0,,leg3grip2,0.5633729741299622
2024/12/16 14:50:06.419456436,0,0,,leg3grip2,0.5589033959054188
2024/12/16 14:50:06.469446707,0,0,,leg3grip2,0.5544338875034263
2024/12/16 14:50:06.519306583,0,0,,leg3grip2,0.549968658124172
2024/12/16 14:50:06.569454350,0,0,,leg3grip2,0.5454928622953337
2024/12/16 14:50:06.619357669,0,0,,leg3grip2,0.5410235281368134
2024/12/16 14:50:06.669440054,0,0,,leg3grip2,0.5365554061728759
2024/12/16 14:50:06.719378441,0,0,,leg3grip2,0.5320830253909333
2024/12/16 14:50:06.769466547,0,0,,leg3grip2,0.5276120306000383
2024/12/16 14:50:06.819330236,0,0,,leg3grip2,0.5231466079347977
2024/12/16 14:50:06.869457542,0,0,,leg3grip2,0.5186718578349978
2024/12/16 14:50:06.919458485,0,0,,leg3grip2,0.5142025563080155
2024/12/16 14:50:06.969398504,0,0,,leg3grip2,0.509737380480244
2024/12/16 14:50:07.19481295,0,0,,leg3grip2,0.5052623659308847
2024/12/16 14:50:07.69444734,0,0,,leg3grip2,0.5007930613642524
2024/12/16 14:50:07.119455992,0,0,,leg3grip2,0.4963215501010435
2024/12/16 14:50:07.169464644,0,0,,leg3grip2,0.49185238526891467
2024/12/16 14:50:07.219461631,0,0,,leg3grip2,0.48738187646443093
2024/12/16 14:50:07.269404775,0,0,,leg3grip2,0.48291592418485985
2024/12/16 14:50:07.319351582,0,0,,leg3grip2,0.478446078113501
2024/12/16 14:50:07.369458796,0,0,,leg3grip2,0.473973005811159
2024/12/16 14:50:07.419435473,0,0,,leg3grip2,0.4695019538033207
2024/12/16 14:50:07.469460166,0,0,,leg3grip2,0.4650313056219394
2024/12/16 14:50:07.519440538,0,0,,leg3grip2,0.46056215652446997
2024/12/16 14:50:07.569429777,0,0,,leg3grip2,0.45609620156285463
2024/12/16 14:50:07.619379815,0,0,,leg3grip2,0.4516285976804575
2024/12/16 14:50:07.669442971,0,0,,leg3grip2,0.447157071397801
2024/12/16 14:50:07.719328468,0,0,,leg3grip2,0.4426857249909097
2024/12/16 14:50:07.769390935,0,0,,leg3grip2,0.4382120089979567
2024/12/16 14:50:07.819316228,0,0,,leg3grip2,0.433746244193276
2024/12/16 14:50:07.869332127,0,0,,leg3grip2,0.42927534738639617
2024/12/16 14:50:07.919450621,0,0,,leg3grip2,0.4248018775157004
2024/12/16 14:50:07.969437731,0,0,,leg3grip2,0.42033177343168837
2024/12/16 14:50:08.19368513,0,0,,leg3grip2,0.41586194524062425
2024/12/16 14:50:08.69479011,0,0,,leg3grip2,0.41139042754050925
2024/12/16 14:50:08.119369970,0,0,,leg3grip2,0.4069201319585404
2024/12/16 14:50:08.169472594,0,0,,leg3grip2,0.40244972721737216
2024/12/16 14:50:08.219472981,0,0,,leg3grip2,0.39797995865709107
2024/12/16 14:50:08.269391601,0,0,,leg3grip2,0.39351425661224493
2024/12/16 14:50:08.319374937,0,0,,leg3grip2,0.38904025793183195
2024/12/16 14:50:08.369429437,0,0,,leg3grip2,0.38456795591258774
2024/12/16 14:50:08.419392894,0,0,,leg3grip2,0.38010099232354555
2024/12/16 14:50:08.469379694,0,0,,leg3grip2,0.37563055414622615
2024/12/16 14:50:08.519389185,0,0,,leg3grip2,0.37116072130628536
2024/12/16 14:50:08.569323785,0,0,,leg3grip2,0.3666941302531843
2024/12/16 14:50:08.619380794,0,0,,leg3grip2,0.3622204173892829
2024/12/16 14:50:08.669420953,0,0,,leg3grip2,0.3577480164026072
2024/12/16 14:50:08.719395540,0,0,,leg3grip2,0.3532799978761748
2024/12/16 14:50:08.769374277,0,0,,leg3grip2,0.34881052577118066
2024/12/16 14:50:08.819337407,0,0,,leg3grip2,0.344344709828857
2024/12/16 14:50:08.869411604,0,0,,leg3grip2,0.33987172898422263
2024/12/16 14:50:08.919389001,0,0,,leg3grip2,0.335404256164386
2024/12/16 14:50:08.969424265,0,0,,leg3grip2,0.33093495642543325
2024/12/16 14:50:09.19370093,0,0,,leg3grip2,0.3264624747092268
2024/12/16 14:50:09.69457623,0,0,,leg3grip2,0.3219888853981621
2024/12/16 14:50:09.119380007,0,0,,leg3grip2,0.317519746939468
2024/12/16 14:50:09.169387058,0,0,,leg3grip2,0.31304865112490765
2024/12/16 14:50:09.219392358,0,0,,leg3grip2,0.3085795941109561
2024/12/16 14:50:09.269409038,0,0,,leg3grip2,0.30410809125148575
2024/12/16 14:50:09.319364904,0,0,,leg3grip2,0.2996393640395709
2024/12/16 14:50:09.369415535,0,0,,leg3grip2,0.29516909885410314
2024/12/16 14:50:09.419384561,0,0,,leg3grip2,0.29069870573512646
2024/12/16 14:50:09.469398999,0,0,,leg3grip2,0.28622671778325953
2024/12/16 14:50:09.519395343,0,0,,leg3grip2,0.2817589091714875
2024/12/16 14:50:09.569448533,0,0,,leg3grip2,0.2772892720313728
2024/12/16 14:50:09.619371868,0,0,,leg3grip2,0.27281949292171787
2024/12/16 14:50:09.669464687,0,0,,leg3grip2,0.268349190366434
2024/12/16 14:50:09.719484631,0,0,,leg3grip2,0.26387686912587305
2024/12/16 14:50:09.769442915,0,0,,leg3grip2,0.2594072666735302
2024/12/16 14:50:09.819431298,0,0,,leg3grip2,0.25493890851089895
2024/12/16 14:50:09.869492704,0,0,,leg3grip2,0.25046868516532084
2024/12/16 14:50:09.919520850,0,0,,leg3grip2,0.24599691606826168
2024/12/16 14:50:09.969485837,0,0,,leg3grip2,0.24152847047098913
2024/12/16 14:50:10.19450847,0,0,,leg3grip2,0.2370584354049149
2024/12/16 14:50:10.69441877,0,0,,leg3grip2,0.2325880923507635
2024/12/16 14:50:10.119448144,0,0,,leg3grip2,0.22811913618167434
2024/12/16 14:50:10.169473571,0,0,,leg3grip2,0.2236491206945228
2024/12/16 14:50:10.219427027,0,0,,leg3grip2,0.21917412876373632
2024/12/16 14:50:10.269468063,0,0,,leg3grip2,0.21470825336943278
2024/12/16 14:50:10.319383134,0,0,,leg3grip2,0.2102422554057085
2024/12/16 14:50:10.369452638,0,0,,leg3grip2,0.2057677837914993
2024/12/16 14:50:10.419501860,0,0,,leg3grip2,0.20129668609950802
2024/12/16 14:50:10.469451594,0,0,,leg3grip2,0.19682761326149567
2024/12/16 14:50:10.519430090,0,0,,leg3grip2,0.19235763916722648
2024/12/16 14:50:10.569522326,0,0,,leg3grip2,0.187887224591896
2024/12/16 14:50:10.619447032,0,0,,leg3grip2,0.18341863756149202
2024/12/16 14:50:10.669454426,0,0,,leg3grip2,0.17894710636175448
2024/12/16 14:50:10.719440758,0,0,,leg3grip2,0.17447724321471414
2024/12/16 14:50:10.769449376,0,0,,leg3grip2,0.17000682989100446
2024/12/16 14:50:10.819399005,0,0,,leg3grip2,0.16554090621990492
2024/12/16 14:50:10.869573617,0,0,,leg3grip2,0.16106424909726846
2024/12/16 14:50:10.919474400,0,0,,leg3grip2,0.15659605686377254
2024/12/16 14:50:10.969439435,0,0,,leg3grip2,0.15212959490639955
2024/12/16 14:50:11.19549714,0,0,,leg3grip2,0.14765656578496933
2024/12/16 14:50:11.69543354,0,0,,leg3grip2,0.14318596596978528
2024/12/16 14:50:11.119491054,0,0,,leg3grip2,0.13871882000173663
2024/12/16 14:50:11.169536869,0,0,,leg3grip2,0.13424561753084885
2024/12/16 14:50:11.219499905,0,0,,leg3grip2,0.12977599281753904
2024/12/16 14:50:11.269501128,0,0,,leg3grip2,0.1253045992066697
2024/12/16 14:50:11.319471166,0,0,,leg3grip2,0.1208390561176439
2024/12/16 14:50:11.369448150,0,0,,leg3grip2,0.11636985990559778
2024/12/16 14:50:11.419427689,0,0,,leg3grip2,0.11190006801153207
2024/12/16 14:50:11.469537391,0,0,,leg3grip2,0.10742488690722718
2024/12/16 14:50:11.519527630,0,0,,leg3grip2,0.10295417873745705
2024/12/16 14:50:11.569441287,0,0,,leg3grip2,0.09848956211590365
2024/12/16 14:50:11.619462947,0,0,,leg3grip2,0.09401946750844792
2024/12/16 14:50:11.669512514,0,0,,leg3grip2,0.08954533499402861
2024/12/16 14:50:11.719519682,0,0,,leg3grip2,0.08507488394289697
2024/12/16 14:50:11.769461947,0,0,,leg3grip2,0.0806078035955301
2024/12/16 14:50:11.819550831,0,0,,leg3grip2,0.07613452227254236
2024/12/16 14:50:11.869406350,0,0,,leg3grip2,0.07166996554997651
2024/12/16 14:50:11.919573344,0,0,,leg3grip2,0.06719920910341048
2024/12/16 14:50:11.969501303,0,0,,leg3grip2,0.06272408718288125
2024/12/16 14:50:12.19639378,0,0,,leg3grip2,0.05825784720936755
2024/12/16 14:50:12.69451667,0,0,,leg3grip2,0.05378665636104063
2024/12/16 14:50:12.119555915,0,0,,leg3grip2,0.04931547338004327
2024/12/16 14:50:12.169532028,0,0,,leg3grip2,0.044843728689586415
2024/12/16 14:50:12.219680667,0,0,,leg3grip2,0.04036423977526893
2024/12/16 14:50:12.269545893,0,0,,leg3grip2,0.03590393203654618
2024/12/16 14:50:12.319454865,0,0,,leg3grip2,0.03143502244562468
2024/12/16 14:50:12.369476245,0,0,,leg3grip2,0.026965697406055034
2024/12/16 14:50:12.419553892,0,0,,leg3grip2,0.02249316714484828
2024/12/16 14:50:12.469505038,0,0,,leg3grip2,0.018028387812612734
2024/12/16 14:50:12.519526702,0,0,,leg3grip2,0.013552154363560387
2024/12/16 14:50:12.569499070,0,0,,leg3grip2,0.00908376526801924
2024/12/16 14:50:12.619416150,0,0,,leg3grip2,0.004618693145957198
2024/12/16 14:50:12.669409734,0,0,,leg3grip2,0.00014871332999377707
2024/12/16 14:50:12.719521697,0,0,,leg3grip2,-0.004326594277396456
2024/12/16 14:50:12.769462590,0,0,,leg3grip2,-0.008794377677952991
2024/12/16 14:50:12.819465507,0,0,,leg3grip2,-0.013265137611176425
2024/12/16 14:50:12.869540146,0,0,,leg3grip2,-0.0177367542787229
2024/12/16 14:50:12.919445916,0,0,,leg3grip2,-0.022206963141262248
2024/12/16 14:50:12.969476201,0,0,,leg3grip2,-0.026676322689800913
2024/12/16 14:50:13.19447247,0,0,,leg3grip2,-0.031146044403709827
2024/12/16 14:50:13.69392198,0,0,,leg3grip2,-0.03561556308687164
2024/12/16 14:50:13.119455086,0,0,,leg3grip2,-0.0400854558257997
2024/12/16 14:50:13.169533226,0,0,,leg3grip2,-0.044556634426124786
2024/12/16 14:50:13.219492184,0,0,,leg3grip2,-0.04902659788161867
2024/12/16 14:50:13.269510188,0,0,,leg3grip2,-0.05349704401566935
2024/12/16 14:50:13.319489453,0,0,,leg3grip2,-0.057967056284367824
2024/12/16 14:50:13.369517802,0,0,,leg3grip2,-0.062437465853215746
2024/12/16 14:50:13.419402701,0,0,,leg3grip2,-0.06690341357331164
2024/12/16 14:50:13.469467402,0,0,,leg3grip2,-0.07137672135913564
2024/12/16 14:50:13.519460119,0,0,,leg3grip2,-0.07584580876958813
2024/12/16 14:50:13.569345071,0,0,,leg3grip2,-0.08030870477037755
2024/12/16 14:50:13.619429452,0,0,,leg3grip2,-0.08478650757290018
2024/12/16 14:50:13.669516505,0,0,,leg3grip2,-0.08925841273900248
2024/12/16 14:50:13.719454541,0,0,,leg3grip2,-0.0937274119102004
2024/12/16 14:50:13.769443151,0,0,,leg3grip2,-0.09819716992110761
2024/12/16 14:50:13.819318851,0,0,,leg3grip2,-0.10265554524697551
2024/12/16 14:50:13.869469145,0,0,,leg3grip2,-0.10713298606293087
2024/12/16 14:50:13.919449248,0,0,,leg3grip2,-0.11160442330171938
2024/12/16 14:50:13.969405268,0,0,,leg3grip2,-0.11607826114888109
2024/12/16 14:50:14.19432218,0,0,,leg3grip2,-0.12055036228301397
2024/12/16 14:50:14.69499575,0,0,,leg3grip2,-0.12501702369507472
2024/12/16 14:50:14.119468212,0,0,,leg3grip2,-0.12948831556706708
2024/12/16 14:50:14.169471121,0,0,,leg3grip2,-0.13395961459117722
2024/12/16 14:50:14.219493082,0,0,,leg3grip2,-0.13842307695030287
2024/12/16 14:50:14.269424183,0,0,,leg3grip2,-0.14289539059173872
2024/12/16 14:50:14.319574757,0,0,,leg3grip2,-0.14736892670892665
2024/12/16 14:50:14.369439229,0,0,,leg3grip2,-0.1518333620242912
2024/12/16 14:50:14.419601058,0,0,,leg3grip2,-0.15630856485315414
2024/12/16 14:50:14.445458207,0,0,,leg3grip1,-0.4978068568351743
2024/12/16 14:50:14.445480777,0,0,,leg3link4_link5,2.7336238429950246
2024/12/16 14:50:14.445493401,0,0,,leg3link6_link7,0.6340703568492041
2024/12/16 14:50:14.445506685,0,0,,leg3link5_link6,0.1699527673541819
2024/12/16 14:50:14.445517617,0,0,,leg3link3_link4,-0.14228922262771557
2024/12/16 14:50:14.445528112,0,0,,leg3link2_link3,0.48192086085363917
2024/12/16 14:50:14.445542667,0,0,,leg3link7_link8,0.07176087839934837
2024/12/16 14:50:14.445553124,0,0,,leg3base_link_link2,0.2775940849532045
2024/12/16 14:50:15.845625641,0,0,,leg3grip1,-0.4978068568351743
2024/12/16 14:50:15.845646091,0,0,,leg3link4_link5,2.7336238429950246
2024/12/16 14:50:15.845657619,0,0,,leg3link6_link7,0.6340703568492041
2024/12/16 14:50:15.845673403,0,0,,leg3link5_link6,0.1699527673541819
2024/12/16 14:50:15.845797178,0,0,,leg3link3_link4,-0.14228922262771557
2024/12/16 14:50:15.845824530,0,0,,leg3link2_link3,0.48192086085363917
2024/12/16 14:50:15.845841776,0,0,,leg3link7_link8,0.07176087839934837
2024/12/16 14:50:15.845858315,0,0,,leg3grip2,-0.13585265529036944
2024/12/16 14:50:15.845875934,0,0,,leg3base_link_link2,0.2775940849532045
2024/12/16 14:50:16.45706775,0,0,,leg3grip1,-0.4978068568351743
2024/12/16 14:50:16.45727371,0,0,,leg3link4_link5,2.7336238429950246
2024/12/16 14:50:16.45740483,0,0,,leg3link6_link7,0.6340703568492041
2024/12/16 14:50:16.45860523,0,0,,leg3link5_link6,0.1699527673541819
2024/12/16 14:50:16.45880694,0,0,,leg3link3_link4,-0.14228922262771557
2024/12/16 14:50:16.45892819,0,0,,leg3link2_link3,0.48192086085363917
2024/12/16 14:50:16.45904328,0,0,,leg3link7_link8,0.07176087839934837
2024/12/16 14:50:16.45914889,0,0,,leg3grip2,-0.13585265529036944
2024/12/16 14:50:16.45925698,0,0,,leg3base_link_link2,0.2775940849532045
2024/12/16 14:50:17.243393439,0,0,,leg3grip1,-0.4978068568351743
2024/12/16 14:50:17.243413922,0,0,,leg3link4_link5,2.7336238429950246
2024/12/16 14:50:17.243432821,0,0,,leg3link6_link7,0.6340703568492041
2024/12/16 14:50:17.243444898,0,0,,leg3link5_link6,0.1699527673541819
2024/12/16 14:50:17.243457180,0,0,,leg3link3_link4,-0.14228922262771557
2024/12/16 14:50:17.243467957,0,0,,leg3link2_link3,0.48192086085363917
2024/12/16 14:50:17.243478797,0,0,,leg3link7_link8,0.07176087839934837
2024/12/16 14:50:17.243489901,0,0,,leg3grip2,-0.13557875880792916
2024/12/16 14:50:17.243501037,0,0,,leg3base_link_link2,0.2775940849532045
2024/12/16 14:50:17.538190531,0,0,,leg3grip1,-0.4978068568351743
2024/12/16 14:50:17.538210445,0,0,,leg3link4_link5,2.7336238429950246
2024/12/16 14:50:17.538229751,0,0,,leg3link6_link7,0.6340703568492041
2024/12/16 14:50:17.538241721,0,0,,leg3link5_link6,0.1699527673541819
2024/12/16 14:50:17.538253374,0,0,,leg3link3_link4,-0.14228922262771557
2024/12/16 14:50:17.538276474,0,0,,leg3link2_link3,0.48192086085363917
2024/12/16 14:50:17.538288100,0,0,,leg3link7_link8,0.07176087839934837
2024/12/16 14:50:17.538299511,0,0,,leg3grip2,-0.13557875880792916
2024/12/16 14:50:17.538310362,0,0,,leg3base_link_link2,0.2775940849532045
2024/12/16 14:50:20.556357844,0,0,,leg3grip1,-0.4978068568351743
2024/12/16 14:50:20.556387723,0,0,,leg3link4_link5,2.734034687718685
2024/12/16 14:50:20.556433862,0,0,,leg3link6_link7,0.6294141166477196
2024/12/16 14:50:20.556474174,0,0,,leg3link5_link6,0.1699527673541819
2024/12/16 14:50:20.556589446,0,0,,leg3link3_link4,-0.14228922262771557
2024/12/16 14:50:20.556617330,0,0,,leg3link2_link3,0.4924658754275892
2024/12/16 14:50:20.556640539,0,0,,leg3link7_link8,0.07176087839934837
2024/12/16 14:50:20.556670479,0,0,,leg3grip2,-0.13557875880792916
2024/12/16 14:50:20.556717904,0,0,,leg3base_link_link2,0.2775940849532045
2024/12/16 14:50:24.772789852,0,0,,leg3grip1,-0.4978068568351743
2024/12/16 14:50:24.772803462,0,0,,leg3link4_link5,2.7241744143508355
2024/12/16 14:50:24.772815677,0,0,,leg3link6_link7,0.6503671975543996
2024/12/16 14:50:24.772830618,0,0,,leg3link5_link6,0.17214393921370402
2024/12/16 14:50:24.772841340,0,0,,leg3link3_link4,-0.14228922262771557
2024/12/16 14:50:24.772851980,0,0,,leg3link2_link3,0.4543942643683929
2024/12/16 14:50:24.772896111,0,0,,leg3link7_link8,0.07176087839934837
2024/12/16 14:50:24.772908061,0,0,,leg3grip2,-0.13557875880792916
2024/12/16 14:50:24.772918689,0,0,,leg3base_link_link2,0.2775940849532045
2024/12/16 14:50:25.592601039,0,0,,leg3grip1,-0.4978068568351743
2024/12/16 14:50:25.592620387,0,0,,leg3link4_link5,2.7219832424913135
2024/12/16 14:50:25.592648518,0,0,,leg3link6_link7,0.6533800588612425
2024/12/16 14:50:25.592659603,0,0,,leg3link5_link6,0.17323952514346505
2024/12/16 14:50:25.592827121,0,0,,leg3link3_link4,-0.14228922262771557
2024/12/16 14:50:25.592857419,0,0,,leg3link2_link3,0.4516552995439903
2024/12/16 14:50:25.592870349,0,0,,leg3link7_link8,0.07176087839934837
2024/12/16 14:50:25.592881582,0,0,,leg3grip2,-0.13557875880792916
2024/12/16 14:50:25.593049137,0,0,,leg3base_link_link2,0.2775940849532045
2024/12/16 14:50:25.873289085,0,0,,leg3grip1,-0.4978068568351743
2024/12/16 14:50:25.873309659,0,0,,leg3link4_link5,2.7219832424913135
2024/12/16 14:50:25.873323041,0,0,,leg3link6_link7,0.6533800588612425
2024/12/16 14:50:25.873334389,0,0,,leg3link5_link6,0.17323952514346505
2024/12/16 14:50:25.873346470,0,0,,leg3link3_link4,-0.14228922262771557
2024/12/16 14:50:25.873357259,0,0,,leg3link2_link3,0.453435626679852
2024/12/16 14:50:25.873369549,0,0,,leg3link7_link8,0.07176087839934837
2024/12/16 14:50:25.873383479,0,0,,leg3grip2,-0.13557875880792916
2024/12/16 14:50:25.873407651,0,0,,leg3base_link_link2,0.2775940849532045
2024/12/16 14:50:26.43201722,0,0,,leg3grip1,-0.4978068568351743
2024/12/16 14:50:26.43221543,0,0,,leg3link4_link5,2.7219832424913135
2024/12/16 14:50:26.43233478,0,0,,leg3link6_link7,0.6533800588612425
2024/12/16 14:50:26.43248505,0,0,,leg3link5_link6,0.17323952514346505
2024/12/16 14:50:26.43261165,0,0,,leg3link3_link4,-0.14228922262771557
2024/12/16 14:50:26.43271706,0,0,,leg3link2_link3,0.453435626679852
2024/12/16 14:50:26.43282125,0,0,,leg3link7_link8,0.07176087839934837
2024/12/16 14:50:26.43292469,0,0,,leg3grip2,-0.13557875880792916
2024/12/16 14:50:26.43303490,0,0,,leg3base_link_link2,0.2775940849532045
2024/12/16 14:50:27.7542931,0,0,,leg3grip1,-0.4978068568351743
2024/12/16 14:50:27.7569782,0,0,,leg3link4_link5,2.7210246048027726
2024/12/16 14:50:27.7591330,0,0,,leg3link6_link7,0.6573515578566262
2024/12/16 14:50:27.7612214,0,0,,leg3link5_link6,0.17323952514346505
2024/12/16 14:50:27.7632796,0,0,,leg3link3_link4,-0.14228922262771557
2024/12/16 14:50:27.7653474,0,0,,leg3link2_link3,0.44549262868908446
2024/12/16 14:50:27.7665109,0,0,,leg3link7_link8,0.07176087839934837
2024/12/16 14:50:27.7685873,0,0,,leg3grip2,-0.13557875880792916
2024/12/16 14:50:27.7709214,0,0,,leg3base_link_link2,0.2775940849532045
2024/12/16 14:50:29.161538406,0,0,,leg3grip1,-0.4978068568351743
2024/12/16 14:50:29.161567209,0,0,,leg3link4_link5,2.704727764097577
2024/12/16 14:50:29.161588732,0,0,,leg3link6_link7,0.6765243116274445
2024/12/16 14:50:29.161609784,0,0,,leg3link5_link6,0.17666323117396832
2024/12/16 14:50:29.161630276,0,0,,leg3link3_link4,-0.14228922262771557
2024/12/16 14:50:29.161650497,0,0,,leg3link2_link3,0.40961218948941025
2024/12/16 14:50:29.161661806,0,0,,leg3link7_link8,0.06929581005738603
2024/12/16 14:50:29.161683075,0,0,,leg3grip2,-0.13557875880792916
2024/12/16 14:50:29.161703675,0,0,,leg3base_link_link2,0.2775940849532045
2024/12/16 14:50:35.23392326,0,0,,leg3grip1,-0.4978068568351743
2024/12/16 14:50:35.23428394,0,0,,leg3link4_link5,2.7526596485246224
2024/12/16 14:50:35.23451684,0,0,,leg3link6_link7,0.5784693709138311
2024/12/16 14:50:35.23475483,0,0,,leg3link5_link6,0.15571015026728835
2024/12/16 14:50:35.23496953,0,0,,leg3link3_link4,-0.14228922262771557
2024/12/16 14:50:35.23518174,0,0,,leg3link2_link3,0.5591596689017927
2024/12/16 14:50:35.23538005,0,0,,leg3link7_link8,0.07477373970619124
2024/12/16 14:50:35.23557505,0,0,,leg3grip2,-0.13557875880792916
2024/12/16 14:50:35.23577445,0,0,,leg3base_link_link2,0.2775940849532045
2024/12/16 14:50:36.542468590,0,0,,leg3grip1,-0.4978068568351743
2024/12/16 14:50:36.542489382,0,0,,leg3link4_link5,2.7536182862131633
2024/12/16 14:50:36.542501974,0,0,,leg3link6_link7,0.567924356339881
2024/12/16 14:50:36.542514170,0,0,,leg3link5_link6,0.15571015026728835
2024/12/16 14:50:36.542530408,0,0,,leg3link3_link4,-0.14228922262771557
2024/12/16 14:50:36.542541770,0,0,,leg3link2_link3,0.572032803576485
2024/12/16 14:50:36.542554091,0,0,,leg3link7_link8,0.08107335880231724
2024/12/16 14:50:36.542577225,0,0,,leg3grip2,-0.13557875880792916
2024/12/16 14:50:36.542603026,0,0,,leg3base_link_link2,0.2789635673654058
2024/12/16 14:50:38.518940545,0,0,,leg3grip1,-0.4978068568351743
2024/12/16 14:50:38.518968756,0,0,,leg3link4_link5,2.7585484228970882
2024/12/16 14:50:38.518991956,0,0,,leg3link6_link7,0.531085279451666
2024/12/16 14:50:38.519015337,0,0,,leg3link5_link6,0.14708241107042014
2024/12/16 14:50:38.519038249,0,0,,leg3link3_link4,-0.14228922262771557
2024/12/16 14:50:38.519060059,0,0,,leg3link2_link3,0.6113369488066625
2024/12/16 14:50:38.519081808,0,0,,leg3link7_link8,0.0943573382006699
2024/12/16 14:50:38.519103105,0,0,,leg3grip2,-0.13557875880792916
2024/12/16 14:50:38.519124205,0,0,,leg3base_link_link2,0.2888238407332552
2024/12/16 14:50:38.674412067,0,0,,leg3grip1,-0.4978068568351743
2024/12/16 14:50:38.674444090,0,0,,leg3link4_link5,2.7585484228970882
2024/12/16 14:50:38.674468867,0,0,,leg3link6_link7,0.5276615734211627
2024/12/16 14:50:38.674492138,0,0,,leg3link5_link6,0.14708241107042014
2024/12/16 14:50:38.674515257,0,0,,leg3link3_link4,-0.14228922262771557
2024/12/16 14:50:38.674536784,0,0,,leg3link2_link3,0.6142128618722852
2024/12/16 14:50:38.674557956,0,0,,leg3link7_link8,0.0943573382006699
2024/12/16 14:50:38.674578963,0,0,,leg3grip2,-0.13557875880792916
2024/12/16 14:50:38.674600065,0,0,,leg3base_link_link2,0.2888238407332552
2024/12/16 14:50:47.467328913,0,0,,leg3grip1,-0.4978068568351743
2024/12/16 14:50:47.467340587,0,0,,leg3link4_link5,2.6213262851945176
2024/12/16 14:50:47.467350643,0,0,,leg3link6_link7,0.1676246472534397
2024/12/16 14:50:47.467360859,0,0,,leg3link5_link6,0.10038306081435563
2024/12/16 14:50:47.467445552,0,0,,leg3link3_link4,-0.1351679140842688
2024/12/16 14:50:47.467457090,0,0,,leg3link2_link3,0.8393557704381797
2024/12/16 14:50:47.467467064,0,0,,leg3link7_link8,0.10709352463414203
2024/12/16 14:50:47.467477009,0,0,,leg3grip2,-0.13557875880792916
2024/12/16 14:50:47.467487126,0,0,,leg3base_link_link2,0.2700619316860973
2024/12/16 14:50:47.779690257,0,0,,leg3grip1,-0.4978068568351743
2024/12/16 14:50:47.779709969,0,0,,leg3link4_link5,2.6080423057961646
2024/12/16 14:50:47.779861404,0,0,,leg3link6_link7,0.1550254090611877
2024/12/16 14:50:47.779880807,0,0,,leg3link5_link6,0.10038306081435563
2024/12/16 14:50:47.779892790,0,0,,leg3link3_link4,-0.1351679140842688
2024/12/16 14:50:47.779919543,0,0,,leg3link2_link3,0.8483943543587082
2024/12/16 14:50:47.779930329,0,0,,leg3link7_link8,0.10983248945854464
2024/12/16 14:50:47.779940859,0,0,,leg3grip2,-0.13557875880792916
2024/12/16 14:50:47.780127562,0,0,,leg3base_link_link2,0.2682816045502356
2024/12/16 14:50:48.649309603,0,0,,leg3grip1,-0.4978068568351743
2024/12/16 14:50:48.649328992,0,0,,leg3link4_link5,2.6117399083091084
2024/12/16 14:50:48.649340491,0,0,,leg3link6_link7,0.15694268443826953
2024/12/16 14:50:48.649351894,0,0,,leg3link5_link6,0.10038306081435563
2024/12/16 14:50:48.649379303,0,0,,leg3link3_link4,-0.1351679140842688
2024/12/16 14:50:48.649392671,0,0,,leg3link2_link3,0.8463401307404064
2024/12/16 14:50:48.649404100,0,0,,leg3link7_link8,0.10983248945854464
2024/12/16 14:50:48.649416463,0,0,,leg3grip2,-0.13557875880792916
2024/12/16 14:50:48.649430027,0,0,,leg3base_link_link2,0.2682816045502356
2024/12/16 14:50:49.612105610,0,0,,leg3base_link_link2,0.0
2024/12/16 14:50:49.612134348,0,0,,leg3link2_link3,0.0
2024/12/16 14:50:49.612158498,0,0,,leg3link3_link4,0.0
2024/12/16 14:50:49.612180073,0,0,,leg3link4_link5,0.0
2024/12/16 14:50:49.612201458,0,0,,leg3link5_link6,0.0
2024/12/16 14:50:49.612222589,0,0,,leg3link6_link7,0.0
2024/12/16 14:50:49.612243958,0,0,,leg3link7_link8,0.0
2024/12/16 14:50:49.684029814,0,0,,leg3grip1,-0.4978068568351743
2024/12/16 14:50:49.684058408,0,0,,leg3link4_link5,2.6117399083091084
2024/12/16 14:50:49.684093146,0,0,,leg3link6_link7,0.15694268443826953
2024/12/16 14:50:49.684114772,0,0,,leg3link5_link6,0.10038306081435563
2024/12/16 14:50:49.684135986,0,0,,leg3link3_link4,-0.1351679140842688
2024/12/16 14:50:49.684157767,0,0,,leg3link2_link3,0.8463401307404064
2024/12/16 14:50:49.684178977,0,0,,leg3link7_link8,0.10983248945854464
2024/12/16 14:50:49.684199877,0,0,,leg3grip2,-0.13557875880792916
2024/12/16 14:50:49.684221099,0,0,,leg3base_link_link2,0.2682816045502356
2024/12/16 14:50:49.804705823,0,0,,leg3base_link_link2,0.0
2024/12/16 14:50:49.804734546,0,0,,leg3link2_link3,0.0
2024/12/16 14:50:49.804758951,0,0,,leg3link3_link4,0.0
2024/12/16 14:50:49.804780632,0,0,,leg3link4_link5,0.0
2024/12/16 14:50:49.804802498,0,0,,leg3link5_link6,0.0
2024/12/16 14:50:49.804823629,0,0,,leg3link6_link7,0.0
2024/12/16 14:50:49.804845090,0,0,,leg3link7_link8,0.0
2024/12/16 14:50:49.862048686,0,0,,leg3grip1,-0.4978068568351743
2024/12/16 14:50:49.862077088,0,0,,leg3link4_link5,2.6117399083091084
2024/12/16 14:50:49.862098302,0,0,,leg3link6_link7,0.15694268443826953
2024/12/16 14:50:49.862124990,0,0,,leg3link5_link6,0.10038306081435563
2024/12/16 14:50:49.862147639,0,0,,leg3link3_link4,-0.1351679140842688
2024/12/16 14:50:49.862169140,0,0,,leg3link2_link3,0.8463401307404064
2024/12/16 14:50:49.862190042,0,0,,leg3link7_link8,0.10983248945854464
2024/12/16 14:50:49.862209957,0,0,,leg3grip2,-0.13557875880792916
2024/12/16 14:50:49.862229747,0,0,,leg3base_link_link2,0.2682816045502356
2024/12/16 14:50:50.149825701,0,0,,leg3base_link_link2,0.0
2024/12/16 14:50:50.149854295,0,0,,leg3link2_link3,0.0
2024/12/16 14:50:50.149878770,0,0,,leg3link3_link4,0.0
2024/12/16 14:50:50.149900890,0,0,,leg3link4_link5,0.0
2024/12/16 14:50:50.150039303,0,0,,leg3link5_link6,0.0
2024/12/16 14:50:50.150074582,0,0,,leg3link6_link7,0.0
2024/12/16 14:50:50.150097616,0,0,,leg3link7_link8,0.0
2024/12/16 14:50:53.69476306,0,0,,leg3grip1,-0.4978068568351743
2024/12/16 14:50:53.69495909,0,0,,leg3link4_link5,2.2463620007338
2024/12/16 14:50:53.69709118,0,0,,leg3link6_link7,0.003149809548063001
2024/12/16 14:50:53.69728422,0,0,,leg3link5_link6,0.0021911718595220876
2024/12/16 14:50:53.69740430,0,0,,leg3link3_link4,-0.0034237060305032617
2024/12/16 14:50:53.69751810,0,0,,leg3link2_link3,0.46904772617894686
2024/12/16 14:50:53.69762602,0,0,,leg3link7_link8,0.0008216894473207829
2024/12/16 14:50:53.69881695,0,0,,leg3grip2,-0.13557875880792916
2024/12/16 14:50:53.69901448,0,0,,leg3base_link_link2,0.0015064306534214352
2024/12/16 14:50:54.268725094,0,0,,leg3grip1,-0.4978068568351743
2024/12/16 14:50:54.268744685,0,0,,leg3link4_link5,2.2437599841506177
2024/12/16 14:50:54.268756511,0,0,,leg3link6_link7,0.003149809548063001
2024/12/16 14:50:54.268769530,0,0,,leg3link5_link6,0.0021911718595220876
2024/12/16 14:50:54.268780316,0,0,,leg3link3_link4,-0.0034237060305032617
2024/12/16 14:50:54.268794550,0,0,,leg3link2_link3,0.468089088490406
2024/12/16 14:50:54.268811590,0,0,,leg3link7_link8,0.0008216894473207829
2024/12/16 14:50:54.268825862,0,0,,leg3grip2,-0.13557875880792916
2024/12/16 14:50:54.268838836,0,0,,leg3base_link_link2,0.0015064306534214352
2024/12/16 14:50:54.557497012,0,0,,leg3grip1,-0.4978068568351743
2024/12/16 14:50:54.557516532,0,0,,leg3link4_link5,2.2437599841506177
2024/12/16 14:50:54.557535437,0,0,,leg3link6_link7,0.003149809548063001
2024/12/16 14:50:54.557546714,0,0,,leg3link5_link6,0.0021911718595220876
2024/12/16 14:50:54.557688617,0,0,,leg3link3_link4,-0.0034237060305032617
2024/12/16 14:50:54.557708268,0,0,,leg3link2_link3,0.46849993321406636
2024/12/16 14:50:54.557826036,0,0,,leg3link7_link8,0.0008216894473207829
2024/12/16 14:50:54.557850710,0,0,,leg3grip2,-0.13557875880792916
2024/12/16 14:50:54.557863577,0,0,,leg3base_link_link2,0.0015064306534214352
2024/12/16 14:50:56.360589255,0,0,,leg3link4_link5,2.2522191491520114
2024/12/16 14:50:56.410614193,0,0,,leg3link4_link5,2.258665196290877
2024/12/16 14:50:56.460738794,0,0,,leg3link4_link5,2.2524606240761855
2024/12/16 14:50:56.510670349,0,0,,leg3link4_link5,2.259078486318352
2024/12/16 14:50:56.560840132,0,0,,leg3link4_link5,2.2522976424356873
2024/12/16 14:50:56.610759924,0,0,,leg3link4_link5,2.2587990955037505
2024/12/16 14:50:56.660742516,0,0,,leg3link4_link5,2.2516386981768606
2024/12/16 14:50:56.710782690,0,0,,leg3link4_link5,2.257655776790167
2024/12/16 14:50:56.760748429,0,0,,leg3link4_link5,2.252023222753551
2024/12/16 14:50:56.810495596,0,0,,leg3link4_link5,2.257893793127134
2024/12/16 14:50:56.860576622,0,0,,leg3link4_link5,2.2513717126084587
2024/12/16 14:50:56.865850169,0,0,,leg3grip1,-0.4978068568351743
2024/12/16 14:50:56.865952945,0,0,,leg3link6_link7,0.003149809548063001
2024/12/16 14:50:56.866006452,0,0,,leg3link5_link6,0.0021911718595220876
2024/12/16 14:50:56.866057051,0,0,,leg3link3_link4,-0.0034237060305032617
2024/12/16 14:50:56.866105829,0,0,,leg3link2_link3,0.46849993321406636
2024/12/16 14:50:56.866154255,0,0,,leg3link7_link8,0.0008216894473207829
2024/12/16 14:50:56.866202232,0,0,,leg3grip2,-0.13557875880792916
2024/12/16 14:50:56.866249625,0,0,,leg3base_link_link2,0.0015064306534214352
2024/12/16 14:50:56.960508994,0,0,,leg3link4_link5,2.2461596098094923
2024/12/16 14:50:57.10664843,0,0,,leg3link4_link5,2.243172343960774
2024/12/16 14:50:57.60795746,0,0,,leg3link4_link5,2.2428359079299263
2024/12/16 14:50:57.110796578,0,0,,leg3link4_link5,2.2353373497299263
2024/12/16 14:50:57.160781476,0,0,,leg3link4_link5,2.2278320236799263
2024/12/16 14:50:57.210871579,0,0,,leg3link4_link5,2.220333866879926
2024/12/16 14:50:57.260765247,0,0,,leg3link4_link5,2.2128423918299265
2024/12/16 14:50:57.310877990,0,0,,leg3link4_link5,2.205331582079926
2024/12/16 14:50:57.360774054,0,0,,leg3link4_link5,2.197834032929926
2024/12/16 14:50:57.410760958,0,0,,leg3link4_link5,2.1903387034799264
2024/12/16 14:50:57.460811406,0,0,,leg3link4_link5,2.1828363354299265
2024/12/16 14:50:57.510746498,0,0,,leg3link4_link5,2.1753351142799264
2024/12/16 14:50:57.560757765,0,0,,leg3link4_link5,2.1678365560799264
2024/12/16 14:50:57.610798753,0,0,,leg3link4_link5,2.1603363459299265
2024/12/16 14:50:57.660768779,0,0,,leg3link4_link5,2.1528438837299264
2024/12/16 14:50:57.710814749,0,0,,leg3link4_link5,2.1453328902299265
2024/12/16 14:50:57.760843840,0,0,,leg3link4_link5,2.137828042829926
2024/12/16 14:50:57.810869796,0,0,,leg3link4_link5,2.1303325431299265
2024/12/16 14:50:57.860835468,0,0,,leg3link4_link5,2.122831119779926
2024/12/16 14:50:57.910797545,0,0,,leg3link4_link5,2.1153374125799265
2024/12/16 14:50:57.960862333,0,0,,leg3link4_link5,2.1078366157799264
2024/12/16 14:50:58.10871605,0,0,,leg3link4_link5,2.100333287579926
2024/12/16 14:50:58.60813226,0,0,,leg3link4_link5,2.0928424147799265
2024/12/16 14:50:58.110802432,0,0,,leg3link4_link5,2.0853337770299265
2024/12/16 14:50:58.160823020,0,0,,leg3link4_link5,2.077836808079926
2024/12/16 14:50:58.210699069,0,0,,leg3link4_link5,2.0703364027799265
2024/12/16 14:50:58.260816273,0,0,,leg3link4_link5,2.062835350529926
2024/12/16 14:50:58.310856246,0,0,,leg3link4_link5,2.0553319332299265
2024/12/16 14:50:58.360754686,0,0,,leg3link4_link5,2.0478348282299264
2024/12/16 14:50:58.410826207,0,0,,leg3link4_link5,2.0403314661299263
2024/12/16 14:50:58.460901890,0,0,,leg3link4_link5,2.0328308439299265
2024/12/16 14:50:58.510787279,0,0,,leg3link4_link5,2.025337202879926
2024/12/16 14:50:58.560817960,0,0,,leg3link4_link5,2.0178340198799263
2024/12/16 14:50:58.610786161,0,0,,leg3link4_link5,2.0103376521299263
2024/12/16 14:50:58.660745454,0,0,,leg3link4_link5,2.0028389883299265
2024/12/16 14:50:58.710861553,0,0,,leg3link4_link5,1.9953340192799263
2024/12/16 14:50:58.760859124,0,0,,leg3link4_link5,1.9878337051799262
2024/12/16 14:50:58.810826643,0,0,,leg3link4_link5,1.9803289963799262
2024/12/16 14:50:58.860759922,0,0,,leg3link4_link5,1.9728343656299263
2024/12/16 14:50:58.910797422,0,0,,leg3link4_link5,1.9653344593799262
2024/12/16 14:50:58.960794529,0,0,,leg3link4_link5,1.9578417528299263
2024/12/16 14:50:59.10807800,0,0,,leg3link4_link5,1.9503356758799262
2024/12/16 14:50:59.60847712,0,0,,leg3link4_link5,1.9428363774299262
2024/12/16 14:50:59.110793920,0,0,,leg3link4_link5,1.9353358024799263
2024/12/16 14:50:59.160793618,0,0,,leg3link4_link5,1.9278437098799264
2024/12/16 14:50:59.210847061,0,0,,leg3link4_link5,1.9203337737299262
2024/12/16 14:50:59.260791597,0,0,,leg3link4_link5,1.9128290445299263
2024/12/16 14:50:59.310880599,0,0,,leg3link4_link5,1.9053333520799263
2024/12/16 14:50:59.360732222,0,0,,leg3link4_link5,1.8978386463299264
2024/12/16 14:50:59.374641538,0,0,,leg3base_link_link2,0.0
2024/12/16 14:50:59.374653968,0,0,,leg3link2_link3,0.0
2024/12/16 14:50:59.374664568,0,0,,leg3link3_link4,0.0
2024/12/16 14:50:59.374769053,0,0,,leg3link4_link5,0.0
2024/12/16 14:50:59.374780887,0,0,,leg3link5_link6,0.0
2024/12/16 14:50:59.374791483,0,0,,leg3link6_link7,0.0
2024/12/16 14:50:59.374802618,0,0,,leg3link7_link8,0.0
2024/12/16 14:50:59.460808584,0,0,,leg3link4_link5,1.9639839913057406
2024/12/16 14:50:59.510794428,0,0,,leg3link4_link5,1.9564841677057405
2024/12/16 14:50:59.560857120,0,0,,leg3link4_link5,1.9489820128057407
2024/12/16 14:50:59.610799331,0,0,,leg3link4_link5,1.9414839260557406
2024/12/16 14:50:59.660778683,0,0,,leg3link4_link5,1.9339857842557406
2024/12/16 14:50:59.710814349,0,0,,leg3link4_link5,1.9264840928557405
2024/12/16 14:50:59.760758787,0,0,,leg3link4_link5,1.9189827250057405
2024/12/16 14:50:59.810870154,0,0,,leg3link4_link5,1.9114819897057407
2024/12/16 14:50:59.860788251,0,0,,leg3link4_link5,1.9039837745557406
2024/12/16 14:50:59.910630407,0,0,,leg3link4_link5,1.8965019497557405
2024/12/16 14:50:59.960656801,0,0,,leg3link4_link5,1.9139749060227929
2024/12/16 14:51:00.10604189,0,0,,leg3link4_link5,1.9072831226576883
2024/12/16 14:51:00.34326896,0,0,,leg3grip1,-0.4978068568351743
2024/12/16 14:51:00.34424109,0,0,,leg3link6_link7,0.003149809548063001
2024/12/16 14:51:00.34558074,0,0,,leg3link5_link6,0.0021911718595220876
2024/12/16 14:51:00.34570085,0,0,,leg3link3_link4,-0.0034237060305032617
2024/12/16 14:51:00.34581688,0,0,,leg3link2_link3,0.44138418145248054
2024/12/16 14:51:00.34624736,0,0,,leg3link7_link8,0.0008216894473207829
2024/12/16 14:51:00.34673335,0,0,,leg3grip2,-0.13557875880792916
2024/12/16 14:51:00.34726298,0,0,,leg3base_link_link2,0.0015064306534214352
2024/12/16 14:51:00.548126086,0,0,,leg3grip1,-0.4978068568351743
2024/12/16 14:51:00.548184146,0,0,,leg3link4_link5,1.9079628966788578
2024/12/16 14:51:00.548235892,0,0,,leg3link6_link7,0.003149809548063001
2024/12/16 14:51:00.548286770,0,0,,leg3link5_link6,0.0021911718595220876
2024/12/16 14:51:00.548335252,0,0,,leg3link3_link4,-0.0034237060305032617
2024/12/16 14:51:00.548383236,0,0,,leg3link2_link3,0.3894807980300511
2024/12/16 14:51:00.548447537,0,0,,leg3link7_link8,0.0008216894473207829
2024/12/16 14:51:00.548530557,0,0,,leg3grip2,-0.13557875880792916
2024/12/16 14:51:00.548565321,0,0,,leg3base_link_link2,0.0015064306534214352
2024/12/16 14:51:00.995767106,0,0,,leg3grip1,-0.4978068568351743
2024/12/16 14:51:00.995779601,0,0,,leg3link4_link5,1.9078259484376376
2024/12/16 14:51:00.995790212,0,0,,leg3link6_link7,0.003149809548063001
2024/12/16 14:51:00.995800579,0,0,,leg3link5_link6,0.0021911718595220876
2024/12/16 14:51:00.995885511,0,0,,leg3link3_link4,-0.0034237060305032617
2024/12/16 14:51:00.995900648,0,0,,leg3link2_link3,0.43083916687853047
2024/12/16 14:51:00.995910782,0,0,,leg3link7_link8,0.0008216894473207829
2024/12/16 14:51:00.995920897,0,0,,leg3grip2,-0.13557875880792916
2024/12/16 14:51:00.995931198,0,0,,leg3base_link_link2,0.0015064306534214352
2024/12/16 14:51:01.61854756,0,0,,leg3base_link_link2,0.0
2024/12/16 14:51:01.61873780,0,0,,leg3link2_link3,0.0
2024/12/16 14:51:01.61885654,0,0,,leg3link3_link4,0.0
2024/12/16 14:51:01.61896841,0,0,,leg3link4_link5,0.0
2024/12/16 14:51:01.62017412,0,0,,leg3link5_link6,0.0
2024/12/16 14:51:01.62036568,0,0,,leg3link6_link7,0.0
2024/12/16 14:51:01.62048419,0,0,,leg3link7_link8,0.0
2024/12/16 14:51:15.546570186,0,0,,leg3grip1,-0.4978068568351743
2024/12/16 14:51:15.546595842,0,0,,leg3link4_link5,0.002328120100742218
2024/12/16 14:51:15.546616860,0,0,,leg3link6_link7,0.0024650683419623486
2024/12/16 14:51:15.546645078,0,0,,leg3link5_link6,0.0020542236183019574
2024/12/16 14:51:15.546667238,0,0,,leg3link3_link4,-0.0034237060305032617
2024/12/16 14:51:15.546688845,0,0,,leg3link2_link3,0.003149809548063001
2024/12/16 14:51:15.546709478,0,0,,leg3link7_link8,0.0008216894473207829
2024/12/16 14:51:15.546729281,0,0,,leg3grip2,-0.13557875880792916
2024/12/16 14:51:15.546749065,0,0,,leg3base_link_link2,0.0015064306534214352
2024/12/16 14:51:15.702227494,0,0,,leg3base_link_link2,0.0
2024/12/16 14:51:15.702256489,0,0,,leg3link2_link3,0.0
2024/12/16 14:51:15.702277614,0,0,,leg3link3_link4,0.0
2024/12/16 14:51:15.702298829,0,0,,leg3link4_link5,0.0
2024/12/16 14:51:15.702319436,0,0,,leg3link5_link6,0.0
2024/12/16 14:51:15.702339905,0,0,,leg3link6_link7,0.0
2024/12/16 14:51:15.702360993,0,0,,leg3link7_link8,0.0
2024/12/16 14:51:15.813646359,0,0,,leg3grip1,-0.4978068568351743
2024/12/16 14:51:15.813686893,0,0,,leg3link4_link5,0.002328120100742218
2024/12/16 14:51:15.813709274,0,0,,leg3link6_link7,0.0024650683419623486
2024/12/16 14:51:15.813732007,0,0,,leg3link5_link6,0.0020542236183019574
2024/12/16 14:51:15.813854558,0,0,,leg3link3_link4,-0.0034237060305032617
2024/12/16 14:51:15.813880775,0,0,,leg3link2_link3,0.003149809548063001
2024/12/16 14:51:15.813902417,0,0,,leg3link7_link8,0.0008216894473207829
2024/12/16 14:51:15.813932919,0,0,,leg3grip2,-0.13557875880792916
2024/12/16 14:51:15.813954744,0,0,,leg3base_link_link2,0.0015064306534214352
2024/12/16 14:51:17.406669689,0,0,,leg3grip1,-0.4978068568351743
2024/12/16 14:51:17.406690359,0,0,,leg3link4_link5,0.002328120100742218
2024/12/16 14:51:17.406704361,0,0,,leg3link6_link7,0.0024650683419623486
2024/12/16 14:51:17.406716696,0,0,,leg3link5_link6,0.0020542236183019574
2024/12/16 14:51:17.406729566,0,0,,leg3link3_link4,-0.0034237060305032617
2024/12/16 14:51:17.406746372,0,0,,leg3link2_link3,0.003149809548063001
2024/12/16 14:51:17.406768365,0,0,,leg3link7_link8,0.0008216894473207829
2024/12/16 14:51:17.406788653,0,0,,leg3grip2,-0.13557875880792916
2024/12/16 14:51:17.406802272,0,0,,leg3base_link_link2,0.0015064306534214352
2024/12/16 14:51:17.567318225,0,0,,leg3grip1,-0.4978068568351743
2024/12/16 14:51:17.567340874,0,0,,leg3link4_link5,0.002328120100742218
2024/12/16 14:51:17.567362088,0,0,,leg3link6_link7,0.0024650683419623486
2024/12/16 14:51:17.567383502,0,0,,leg3link5_link6,0.0020542236183019574
2024/12/16 14:51:17.567397684,0,0,,leg3link3_link4,-0.0034237060305032617
2024/12/16 14:51:17.567420767,0,0,,leg3link2_link3,0.003149809548063001
2024/12/16 14:51:17.567441653,0,0,,leg3link7_link8,0.0008216894473207829
2024/12/16 14:51:17.567464149,0,0,,leg3grip2,-0.13557875880792916
2024/12/16 14:51:17.567492510,0,0,,leg3base_link_link2,0.0015064306534214352
