time,translation_x,translation_y,translation_z,rotation_x,rotation_y,rotation_z,rotation_w
2024/12/16 14:49:27.708595930,815.0344884486547,18.607231882067502,-202.73754553503997,-0.010315767917373065,0.7195662989672043,0.010139915728129927,0.6942730791496539
2024/12/16 14:49:28.130641544,815.0344884486547,18.607231882067502,-202.7498814613343,-0.010319061063942368,0.7195662517488183,0.010143093118469962,0.6942730327363329
2024/12/16 14:49:28.230831325,815.0344884486547,18.607231882067502,-202.93559466309557,-0.010322354210295539,0.719566204515361,0.01014627050859755,0.6942729863084705
2024/12/16 14:49:28.330561458,815.0344884486547,18.607231882067502,-203.15846012539876,-0.010325647356432507,0.7195661572668324,0.010149447898512624,0.6942729398660664
2024/12/16 14:49:28.430958825,815.0344884486547,18.607231882067502,-203.4927823693277,-0.010328940502353204,0.7195661100032325,0.010152625288215119,0.6942728934091208
2024/12/16 14:49:28.530751090,815.0344884486547,18.607231882067502,-203.97571374483127,-0.010332233648057562,0.7195660627245613,0.010155802677704967,0.6942728469376337
2024/12/16 14:49:28.630984669,815.0344884486547,18.607231882067502,-204.59487004585287,-0.01033552679354551,0.7195660154308187,0.010158980066982102,0.694272800451605
2024/12/16 14:49:28.730601029,815.0344884486547,18.607231882067502,-205.58554904170057,-0.010338819938816982,0.7195659681220048,0.010162157456046456,0.6942727539510347
2024/12/16 14:49:28.830761600,815.0344884486547,18.607231882067502,-206.997287103978,-0.010342113083871908,0.7195659207981197,0.010165334844897964,0.694272707435923
2024/12/16 14:49:28.931092985,815.0344884486547,18.607231882067502,-208.4214092549654,-0.010345406228710217,0.7195658734591631,0.01016851223353656,0.6942726609062696
2024/12/16 14:49:29.30905170,815.0344884486547,18.607231882067502,-209.9214092549654,-0.010348699373331842,0.7195658261051353,0.010171689621962176,0.6942726143620747
2024/12/16 14:49:29.130540506,815.0344884486547,18.607231882067502,-211.44770255598894,-0.010351992517736714,0.7195657787360362,0.010174867010174745,0.6942725678033382
2024/12/16 14:49:29.230737290,815.0344884486547,18.607231882067502,-213.07306856948605,-0.010355285661924762,0.7195657313518657,0.010178044398174201,0.6942725212300602
2024/12/16 14:49:29.330733815,815.0344884486547,18.607231882067502,-214.76035503212088,-0.010358578805895918,0.719565683952624,0.010181221785960478,0.6942724746422407
2024/12/16 14:49:29.430513275,815.0344884486547,18.607231882067502,-216.48479376647347,-0.010361871949650114,0.719565636538311,0.010184399173533509,0.6942724280398797
2024/12/16 14:49:29.530741824,815.0344884486547,18.607231882067502,-218.18446433458206,-0.01036516509318728,0.7195655891089265,0.010187576560893228,0.6942723814229771
2024/12/16 14:49:29.630504934,815.0344884486547,18.607231882067502,-219.87175079721686,-0.010368458236507349,0.7195655416644708,0.010190753948039569,0.6942723347915329
2024/12/16 14:49:29.730697302,815.0344884486547,18.607231882067502,-221.37175079721686,-0.01037175137961025,0.7195654942049439,0.010193931334972463,0.6942722881455472
2024/12/16 14:49:29.922618971,815.0344884486547,18.607231882067502,-221.309878493731,-0.010375044522495915,0.7195654467303456,0.010197108721691845,0.69427224148502
2024/12/16 14:49:30.22756636,815.0344884486547,18.607231882067502,-220.0839017732787,-0.010378337665164274,0.719565399240676,0.01020028610819765,0.6942721948099512
2024/12/16 14:49:30.122542463,815.0344884486547,18.607231882067502,-218.75885234314677,-0.010381630807615259,0.719565351735935,0.01020346349448981,0.6942721481203409
2024/12/16 14:49:30.222654959,815.0344884486547,18.607231882067502,-217.25885234314677,-0.0103849239498488,0.7195653042161229,0.010206640880568258,0.694272101416189
2024/12/16 14:49:30.322758787,815.0344884486547,18.607231882067502,-215.60871814105388,-0.010388217091864828,0.7195652566812394,0.010209818266432929,0.6942720546974956
2024/12/16 14:49:30.422993512,815.0344884486547,18.607231882067502,-213.946199855839,-0.010391510233663276,0.7195652091312846,0.010212995652083752,0.6942720079642607
2024/12/16 14:49:30.523218447,815.0344884486547,18.607231882067502,-212.2712974763262,-0.010394803375244075,0.7195651615662585,0.010216173037520666,0.6942719612164843
2024/12/16 14:49:30.622824562,815.0344884486547,18.607231882067502,-210.57162690821764,-0.010398096516607154,0.7195651139861611,0.0102193504227436,0.6942719144541663
2024/12/16 14:49:30.723019075,815.0344884486547,18.607231882067502,-208.82241998526928,-0.010401389657752443,0.7195650663909924,0.010222527807752492,0.6942718676773068
2024/12/16 14:49:30.822729405,815.0344884486547,18.607231882067502,-206.9989085412371,-0.010404682798679876,0.7195650187807524,0.010225705192547273,0.6942718208859058
2024/12/16 14:49:30.922857826,815.0344884486547,18.607231882067502,-205.08870848182318,-0.010407975939389382,0.7195649711554412,0.010228882577127875,0.6942717740799632
2024/12/16 14:49:31.23103902,815.0344884486547,18.607231882067502,-203.14135611716387,-0.010411269079880893,0.7195649235150586,0.010232059961494233,0.6942717272594792
2024/12/16 14:49:31.122892739,815.0344884486547,18.607231882067502,-201.1444674200165,-0.01041456222015434,0.7195648758596047,0.010235237345646282,0.6942716804244535
2024/12/16 14:49:31.222996470,815.0344884486547,18.607231882067502,-199.14757872286913,-0.010417855360209654,0.7195648281890795,0.010238414729583954,0.6942716335748864
2024/12/16 14:49:31.322994670,815.0344884486547,18.607231882067502,-197.15069002572176,-0.010421148500046766,0.719564780503483,0.010241592113307182,0.6942715867107777
2024/12/16 14:49:31.422759843,815.0344884486547,18.607231882067502,-194.9308877206194,-0.010424441639665608,0.7195647328028153,0.0102447694968159,0.6942715398321275
2024/12/16 14:49:31.523081856,815.0344884486547,18.607231882067502,-192.7853899366009,-0.01042773477906611,0.7195646850870763,0.01024794688011004,0.6942714929389359
2024/12/16 14:49:31.622687885,815.0344884486547,18.607231882067502,-190.62750808063623,-0.010431027918248202,0.719564637356266,0.010251124263189536,0.6942714460312026
2024/12/16 14:49:31.722573730,815.0344884486547,18.607231882067502,-188.42008984748003,-0.010434321057211817,0.7195645896103844,0.010254301646054323,0.6942713991089279
2024/12/16 14:49:31.822889514,815.0344884486547,18.607231882067502,-186.26220799151537,-0.010437614195956884,0.7195645418494315,0.010257479028704334,0.6942713521721116
2024/12/16 14:49:31.922993968,815.0344884486547,18.607231882067502,-184.29008748296377,-0.010440907334483334,0.7195644940734074,0.010260656411139503,0.6942713052207538
2024/12/16 14:49:32.23076196,815.0344884486547,18.607231882067502,-182.25604652527448,-0.0104442004727911,0.719564446282312,0.01026383379335976,0.6942712582548545
2024/12/16 14:49:32.122758383,815.0344884486547,18.607231882067502,-180.2220055675852,-0.010447493610880113,0.7195643984761452,0.010267011175365041,0.6942712112744136
2024/12/16 14:49:32.222961514,815.0344884486547,18.607231882067502,-178.18796460989591,-0.010450786748750303,0.7195643506549071,0.010270188557155282,0.6942711642794313
2024/12/16 14:49:32.322627154,815.0344884486547,18.607231882067502,-176.15392365220663,-0.010454079886401601,0.7195643028185977,0.010273365938730412,0.6942711172699074
2024/12/16 14:49:32.422927493,815.0344884486547,18.607231882067502,-174.1322667664635,-0.010457373023833939,0.7195642549672171,0.010276543320090368,0.694271070245842
2024/12/16 14:49:32.522827823,815.0344884486547,18.607231882067502,-172.0982258087742,-0.010460666161047247,0.7195642071007652,0.010279720701235081,0.6942710232072351
2024/12/16 14:49:32.623270519,815.0344884486547,18.607231882067502,-170.03941666248915,-0.010463959298041456,0.719564159219242,0.010282898082164484,0.6942709761540867
2024/12/16 14:49:32.723046846,815.0344884486547,18.607231882067502,-167.86915068987486,-0.010467252434816497,0.7195641113226475,0.010286075462878512,0.6942709290863968
2024/12/16 14:49:32.822918340,815.0344884486547,18.607231882067502,-165.68650064531442,-0.010470545571372301,0.7195640634109818,0.010289252843377098,0.6942708820041653
2024/12/16 14:49:32.922915299,815.0344884486547,18.607231882067502,-163.49146648410436,-0.010473838707708799,0.7195640154842448,0.010292430223660175,0.6942708349073924
2024/12/16 14:49:33.22681989,815.0344884486547,18.607231882067502,-161.2964323228943,-0.010477131843825923,0.7195639675424365,0.010295607603727679,0.694270787796078
2024/12/16 14:49:33.122525419,815.0344884486547,18.607231882067502,-159.01470956865427,-0.010480424979723605,0.7195639195855569,0.010298784983579539,0.694270740670222
2024/12/16 14:49:33.222680542,815.0344884486547,18.607231882067502,-156.69583455387232,-0.010483718115401773,0.7195638716136061,0.010301962363215691,0.6942706935298245
2024/12/16 14:49:33.322840779,815.0344884486547,18.607231882067502,-154.36457542244074,-0.01048701125086036,0.7195638236265841,0.01030513974263607,0.6942706463748856
2024/12/16 14:49:33.422781043,815.0344884486547,18.607231882067502,-152.02093217435953,-0.010490304386099296,0.7195637756244908,0.010308317121840608,0.6942705992054051
2024/12/16 14:49:33.522888151,815.0344884486547,18.607231882067502,-149.70205715957758,-0.010493597521118512,0.7195637276073262,0.010311494500829238,0.6942705520213831
2024/12/16 14:49:33.622778447,815.0344884486547,18.607231882067502,-147.38318214479563,-0.01049689065591794,0.7195636795750904,0.010314671879601894,0.6942705048228196
2024/12/16 14:49:33.722962713,815.0344884486547,18.607231882067502,-145.06430713001367,-0.01050018379049751,0.7195636315277832,0.010317849258158507,0.6942704576097146
2024/12/16 14:49:33.822637104,815.0344884486547,18.607231882067502,-142.74543211523172,-0.010503476924857152,0.7195635834654048,0.010321026636499014,0.6942704103820682
2024/12/16 14:49:33.922611985,815.0344884486547,18.607231882067502,-140.48847750488397,-0.0105067700589968,0.7195635353879551,0.010324204014623346,0.6942703631398802
2024/12/16 14:49:34.22596518,815.0344884486547,18.607231882067502,-138.12006611291048,-0.010510063192916386,0.7195634872954342,0.010327381392531438,0.6942703158831508
2024/12/16 14:49:34.122687274,815.0344884486547,18.607231882067502,-135.75165472093698,-0.010513356326615837,0.7195634391878419,0.010330558770223224,0.6942702686118798
2024/12/16 14:49:34.222890539,815.0344884486547,18.607231882067502,-133.3832433289635,-0.010516649460095085,0.7195633910651784,0.010333736147698634,0.6942702213260673
2024/12/16 14:49:34.322609173,815.0344884486547,18.607231882067502,-131.10152057472345,-0.010519942593354061,0.7195633429274437,0.010336913524957605,0.6942701740257133
2024/12/16 14:49:34.422613078,815.0344884486547,18.607231882067502,-128.85695008102533,-0.010523235726392698,0.7195632947746378,0.01034009090200007,0.6942701267108179
2024/12/16 14:49:34.522717978,815.0344884486547,18.607231882067502,-126.63714777592298,-0.010526528859210925,0.7195632466067605,0.010343268278825962,0.694270079381381
2024/12/16 14:49:34.622871823,815.0344884486547,18.607231882067502,-124.41734547082064,-0.010529821991808673,0.719563198423812,0.010346445655435214,0.6942700320374026
2024/12/16 14:49:34.723074902,815.0344884486547,18.607231882067502,-122.20992723766444,-0.010533115124185876,0.7195631502257922,0.01034962303182776,0.6942699846788827
2024/12/16 14:49:34.823339750,815.0344884486547,18.607231882067502,-121.60315496388554,-0.010536408256342463,0.7195631020127012,0.01035280040800353,0.6942699373058212
2024/12/16 14:49:34.922749041,815.0344884486547,18.607231882067502,-121.20691222611546,-0.010539701388278365,0.719563053784539,0.010355977783962463,0.6942698899182183
2024/12/16 14:49:35.375788516,814.2883928062071,18.684683036657155,-121.20691222611546,-0.010542994519993512,0.7195630055413055,0.010359155159704491,0.6942698425160738
2024/12/16 14:49:35.475730739,812.5020337344756,19.03458417639333,-121.20691222611546,-0.010546287651487836,0.7195629572830007,0.010362332535229547,0.6942697950993879
2024/12/16 14:49:35.575546943,810.715674662744,19.359717127533735,-121.20691222611546,-0.010549580782761267,0.7195629090096246,0.010365509910537562,0.6942697476681605
2024/12/16 14:49:35.675702119,808.9045473577132,19.635313723834336,-121.20691222611546,-0.010552873913813737,0.7195628607211774,0.01036868728562847,0.6942697002223917
2024/12/16 14:49:35.775693780,807.1181882859817,19.91091032013494,-121.20691222611546,-0.010556167044645176,0.7195628124176588,0.010371864660502206,0.6942696527620813
2024/12/16 14:49:35.875860191,805.3318292142501,20.18650691643554,-121.20691222611546,-0.010559460175255518,0.719562764099069,0.010375042035158705,0.6942696052872295
2024/12/16 14:49:35.975574613,803.8922246040453,20.462103512736142,-121.20691222611546,-0.010562753305644693,0.719562715765408,0.010378219409597898,0.6942695577978362
2024/12/16 14:49:36.75890173,802.8984472097505,20.737700109036744,-121.20691222611546,-0.01056604643581263,0.7195626674166757,0.01038139678381972,0.6942695102939014
2024/12/16 14:49:36.175731310,802.0780470909226,20.963760350497544,-121.20691222611546,-0.010569339565759261,0.7195626190528722,0.010384574157824103,0.6942694627754251
2024/12/16 14:49:36.301660397,802.8737754465687,20.93594192587036,-121.20691222611546,-0.010572632695484517,0.7195625706739974,0.01038775153161098,0.6942694152424074
2024/12/16 14:49:36.402215232,804.4868538023579,20.610905355440558,-121.20691222611546,-0.01057592582498833,0.7195625222800515,0.010390928905180286,0.6942693676948481
2024/12/16 14:49:36.502052880,806.1990047337164,20.285868785010756,-121.20691222611546,-0.010579218954270627,0.7195624738710342,0.010394106278531955,0.6942693201327474
2024/12/16 14:49:36.602274269,808.4065192581763,19.812223127709807,-121.20691222611546,-0.010582512083331344,0.7195624254469457,0.01039728365166592,0.6942692725561053
2024/12/16 14:49:36.701871835,810.68833830372,19.289041137920798,-121.20691222611546,-0.01058580521217041,0.719562377007786,0.010400461024582112,0.6942692249649216
2024/12/16 14:49:36.802092061,812.9949255825629,18.76585914813179,-121.20691222611546,-0.010589098340787757,0.7195623285535551,0.010403638397280465,0.6942691773591965
2024/12/16 14:49:36.901788328,815.3015128614059,18.24267715834278,-121.20691222611546,-0.010592391469183315,0.7195622800842528,0.010406815769760915,0.6942691297389298
2024/12/16 14:49:37.1775414,817.6081001402487,17.694726979958,-121.20691222611546,-0.010595684597357016,0.7195622315998794,0.010409993142023394,0.6942690821041217
2024/12/16 14:49:37.102183670,819.9146874190916,17.146776801573218,-121.20691222611546,-0.01059897772530879,0.7195621831004347,0.010413170514067836,0.6942690344547722
2024/12/16 14:49:37.201949426,822.2212746979345,16.598826623188437,-121.20691222611546,-0.010602270853038567,0.7195621345859188,0.010416347885894175,0.6942689867908811
2024/12/16 14:49:37.302649947,824.5278619767773,16.050876444803656,-121.20691222611546,-0.01060556398054628,0.7195620860563317,0.010419525257502343,0.6942689391124486
2024/12/16 14:49:37.401858502,826.363853895818,15.527694455014645,-121.20691222611546,-0.010608857107831859,0.7195620375116732,0.010422702628892274,0.6942688914194746
2024/12/16 14:49:38.464492465,826.9862049759972,15.527694455014645,-121.20691222611546,-0.010612150234895236,0.7195619889519436,0.0104258800000639,0.6942688437119592
2024/12/16 14:49:38.565188478,828.0048469843018,15.425571492539822,-121.20691222611546,-0.010615443361736343,0.7195619403771427,0.010429057371017158,0.6942687959899023
2024/12/16 14:49:38.664652874,829.0234889926063,15.323448530064997,-121.20691222611546,-0.010618736488355108,0.7195618917872706,0.01043223474175198,0.694268748253304
2024/12/16 14:49:38.764754888,830.0421310009108,15.221325567590174,-121.20691222611546,-0.010622029614751465,0.7195618431823273,0.010435412112268297,0.6942687005021642
2024/12/16 14:49:38.864864462,831.0360047759161,15.143970782535252,-121.20691222611546,-0.010625322740925341,0.7195617945623127,0.010438589482566046,0.6942686527364829
2024/12/16 14:49:38.964668477,831.6583558560953,15.041847820060427,-121.20691222611546,-0.01062861586687667,0.719561745927227,0.010441766852645156,0.6942686049562601
2024/12/16 14:49:39.64672843,832.2559387923823,14.964493035005505,-121.20691222611546,-0.010631908992605384,0.71956169727707,0.010444944222505564,0.6942685571614958
2024/12/16 14:49:39.414606842,832.2559387923823,14.964493035005505,-121.10788766208769,-0.010635202118111411,0.7195616486118418,0.010448121592147202,0.6942685093521902
2024/12/16 14:49:39.514592841,832.2559387923823,14.964493035005505,-118.93762168947339,-0.010638495243394684,0.7195615999315423,0.010451298961570005,0.6942684615283431
2024/12/16 14:49:39.614649953,832.2559387923823,14.964493035005505,-117.03980570200562,-0.010641788368455134,0.7195615512361717,0.010454476330773906,0.6942684136899545
2024/12/16 14:49:39.714641220,832.2559387923823,14.964493035005505,-115.19152606937766,-0.010645081493292692,0.7195615025257298,0.010457653699758837,0.6942683658370244
2024/12/16 14:49:39.814689957,832.2559387923823,14.964493035005505,-113.3308623424518,-0.010648374617907288,0.7195614538002167,0.010460831068524731,0.6942683179695529
2024/12/16 14:49:39.914751934,832.2559387923823,14.964493035005505,-111.47019861552594,-0.010651667742298854,0.7195614050596324,0.010464008437071525,0.69426827008754
2024/12/16 14:49:40.14593822,832.2559387923823,14.964493035005505,-109.59715079430221,-0.010654960866467321,0.7195613563039769,0.01046718580539915,0.6942682221909856
2024/12/16 14:49:40.114364493,832.2559387923823,14.964493035005505,-107.72410297307849,-0.01065825399041262,0.7195613075332501,0.01047036317350754,0.6942681742798897
2024/12/16 14:49:40.214784189,832.2559387923823,14.964493035005505,-105.86343924615265,-0.01066154711413468,0.7195612587474521,0.010473540541396629,0.6942681263542524
2024/12/16 14:49:40.314554842,832.2559387923823,14.964493035005505,-104.00277551922682,-0.010664840237633434,0.7195612099465829,0.010476717909066348,0.6942680784140736
2024/12/16 14:49:40.414455957,832.2559387923823,14.964493035005505,-102.15449588659887,-0.010668133360908813,0.7195611611306425,0.010479895276516632,0.6942680304593534
2024/12/16 14:49:40.514682410,832.2559387923823,14.964493035005505,-100.29383215967303,-0.01067142648396075,0.7195611122996308,0.010483072643747414,0.6942679824900917
2024/12/16 14:49:40.614418559,832.2559387923823,14.964493035005505,-98.43316843274718,-0.010674719606789172,0.719561063453548,0.01048625001075863,0.6942679345062885
2024/12/16 14:49:40.714722080,832.2559387923823,14.964493035005505,-96.57250470582133,-0.010678012729394013,0.7195610145923939,0.01048942737755021,0.694267886507944
2024/12/16 14:49:40.815024351,832.2559387923823,14.964493035005505,-94.6499205297578,-0.010681305851775203,0.7195609657161686,0.01049260474412209,0.694267838495058
2024/12/16 14:49:40.914549659,832.2559387923823,14.964493035005505,-92.77687270853406,-0.010684598973932672,0.7195609168248721,0.0104957821104742,0.6942677904676305
2024/12/16 14:49:41.14463823,832.2559387923823,14.964493035005505,-90.91620898160821,-0.010687892095866352,0.7195608679185044,0.010498959476606477,0.6942677424256616
2024/12/16 14:49:41.114679231,832.2559387923823,14.964493035005505,-89.10508160952216,-0.010691185217576175,0.7195608189970655,0.010502136842518854,0.6942676943691513
2024/12/16 14:49:41.214371499,832.2559387923823,14.964493035005505,-87.59117239720857,-0.01069447833906207,0.7195607700605554,0.010505314208211262,0.6942676462980995
2024/12/16 14:49:41.314473144,832.2559387923823,14.964493035005505,-86.95963197953736,-0.010697771460323972,0.7195607211089741,0.010508491573683639,0.6942675982125062
2024/12/16 14:49:44.20462653,833.3510631938374,18.224838568603413,-93.74283917334648,-0.010817728667562162,0.7187842059078972,0.012836319072549942,0.695030554002122
2024/12/16 14:49:44.120720074,833.3510631938374,18.224838568603413,-90.74283917334648,-0.010821018234821336,0.7187841563922601,0.012839499929499626,0.6950304952485101
2024/12/16 14:50:18.880315533,832.899772723365,18.153291681275796,-93.76033800524044,-0.0109559222249519,0.7195385672015973,0.012760980534631105,0.69424878498523
2024/12/16 14:50:18.980544520,832.899772723365,18.153291681275796,-93.47555213850308,-0.010959215244598088,0.7195385170534995,0.012764157813759709,0.6942487265764186
2024/12/16 14:50:19.80323892,832.899772723365,18.153291681275796,-93.17838215511608,-0.010962508264014735,0.719538466890331,0.012767335092620968,0.6942486681530661
2024/12/16 14:50:19.180929906,832.899772723365,18.153291681275796,-92.64591449182797,-0.010965801283201772,0.7195384167120917,0.012770512371214815,0.6942486097151725
2024/12/16 14:50:19.280288592,832.899772723365,18.153291681275796,-92.11344682853985,-0.010969094302159131,0.7195383665187818,0.012773689649541184,0.694248551262738
2024/12/16 14:50:19.380444910,832.899772723365,18.153291681275796,-91.34568144064713,-0.010972387320886743,0.7195383163104011,0.012776866927600007,0.6942484927957624
2024/12/16 14:50:19.480753497,832.899772723365,18.153291681275796,-90.5779160527544,-0.010975680339384538,0.7195382660869497,0.012780044205391219,0.6942484343142458
2024/12/16 14:50:19.580410376,832.899772723365,18.153291681275796,-89.77299840431976,-0.010978973357652447,0.7195382158484275,0.012783221482914752,0.6942483758181881
2024/12/16 14:50:19.680719786,832.899772723365,18.153291681275796,-88.93092845063973,-0.010982266375690402,0.7195381655948345,0.012786398760170542,0.6942483173075894
2024/12/16 14:50:19.780866851,832.899772723365,18.153291681275796,-88.0640903530674,-0.010985559393498332,0.7195381153261708,0.01278957603715852,0.6942482587824497
2024/12/16 14:50:19.880639306,832.899772723365,18.153291681275796,-86.50064478312004,-0.010988852411076168,0.7195380650424364,0.012792753313878618,0.6942482002427689
2024/12/16 14:50:19.980453909,832.899772723365,18.153291681275796,-84.5780606070565,-0.010992145428423843,0.7195380147436313,0.012795930590330773,0.6942481416885471
2024/12/16 14:50:20.80478199,832.899772723365,18.153291681275796,-82.72978097442854,-0.01099543844554129,0.7195379644297555,0.012799107866514918,0.6942480831197843
2024/12/16 14:50:20.180350215,832.899772723365,18.153291681275796,-80.98057405148018,-0.010998731462428435,0.7195379141008089,0.012802285142430985,0.6942480245364804
2024/12/16 14:50:20.280568369,832.899772723365,18.153291681275796,-79.29328758884537,-0.011002024479085213,0.7195378637567916,0.012805462418078908,0.6942479659386355
2024/12/16 14:50:20.380331449,832.899772723365,18.153291681275796,-77.61838520933259,-0.011005317495511554,0.7195378133977036,0.012808639693458622,0.6942479073262495
2024/12/16 14:50:20.480397492,832.899772723365,18.153291681275796,-75.9434828298198,-0.011008610511707389,0.7195377630235449,0.012811816968570058,0.6942478486993225
2024/12/16 14:50:20.929605450,832.899772723365,18.153291681275796,-76.04250739384759,-0.011011903527672647,0.7195377126343154,0.012814994243413149,0.6942477900578545
2024/12/16 14:50:21.29969721,832.899772723365,18.153291681275796,-77.3675568239795,-0.01101519654340726,0.7195376622300153,0.012818171517987831,0.6942477314018455
2024/12/16 14:50:21.129715315,832.899772723365,18.153291681275796,-78.58114945013392,-0.01101848955891116,0.7195376118106444,0.012821348792294037,0.6942476727312954
2024/12/16 14:50:21.230235811,832.899772723365,18.153291681275796,-79.81951026488412,-0.011021782574184277,0.7195375613762027,0.0128245260663317,0.6942476140462043
2024/12/16 14:50:21.329590457,832.899772723365,18.153291681275796,-81.10740743447411,-0.011025075589226545,0.7195375109266904,0.01282770334010075,0.6942475553465721
2024/12/16 14:50:21.429857840,832.899772723365,18.153291681275796,-82.25907961149085,-0.011028368604037891,0.7195374604621073,0.012830880613601126,0.694247496632399
2024/12/16 14:50:21.529475021,832.899772723365,18.153291681275796,-83.34883136172164,-0.011031661618618249,0.7195374099824535,0.01283405788683276,0.6942474379036849
2024/12/16 14:50:21.629571626,832.899772723365,18.153291681275796,-84.48811944444049,-0.011034954632967548,0.719537359487729,0.012837235159795584,0.6942473791604298
2024/12/16 14:50:21.729834679,832.899772723365,18.153291681275796,-85.60263933856356,-0.01103824764708572,0.7195373089779338,0.012840412432489531,0.6942473204026336
2024/12/16 14:50:21.829455135,832.899772723365,18.153291681275796,-86.76669560987818,-0.011041540660972694,0.7195372584530678,0.012843589704914537,0.6942472616302964
2024/12/16 14:50:21.929550885,832.899772723365,18.153291681275796,-87.91836778689492,-0.011044833674628404,0.7195372079131311,0.012846766977070533,0.6942472028434181
2024/12/16 14:50:22.29475094,832.899772723365,18.153291681275796,-89.07003996391165,-0.01104812668805278,0.7195371573581237,0.012849944248957452,0.6942471440419989
2024/12/16 14:50:22.129601673,832.899772723365,18.153291681275796,-90.23409623522627,-0.011051419701245754,0.7195371067880456,0.01285312152057523,0.6942470852260387
2024/12/16 14:50:22.229645846,832.899772723365,18.153291681275796,-91.3981525065409,-0.011054712714207255,0.7195370562028969,0.012856298791923801,0.6942470263955375
2024/12/16 14:50:22.329684837,832.899772723365,18.153291681275796,-92.56220877785552,-0.011058005726937216,0.7195370056026775,0.012859476063003096,0.6942469675504952
2024/12/16 14:50:22.429494992,832.899772723365,18.153291681275796,-93.8624900417434,-0.011061298739435566,0.7195369549873875,0.012862653333813047,0.6942469086909119
2024/12/16 14:50:22.529663997,832.899772723365,18.153291681275796,-95.02654631305802,-0.011064591751702237,0.7195369043570267,0.01286583060435359,0.6942468498167876
2024/12/16 14:50:22.629679139,832.899772723365,18.153291681275796,-96.12868213523495,-0.01106788476373716,0.7195368537115951,0.01286900787462466,0.6942467909281224
2024/12/16 14:50:22.729478405,832.899772723365,18.153291681275796,-97.24320202935803,-0.011071177775540265,0.7195368030510929,0.012872185144626187,0.694246732024916
2024/12/16 14:50:22.829738720,832.899772723365,18.153291681275796,-98.33295377958882,-0.011074470787111485,0.71953675237552,0.012875362414358108,0.6942466731071688
2024/12/16 14:50:22.929896403,832.899772723365,18.153291681275796,-99.42270552981961,-0.01107776379845075,0.7195367016848763,0.012878539683820354,0.6942466141748805
2024/12/16 14:50:23.29659817,832.899772723365,18.153291681275796,-100.52484135199656,-0.011081056809557992,0.719536650979162,0.012881716953012858,0.6942465552280512
2024/12/16 14:50:23.129676711,832.899772723365,18.153291681275796,-101.61459310222733,-0.011084349820433142,0.719536600258377,0.012884894221935554,0.6942464962666809
2024/12/16 14:50:23.229503585,832.899772723365,18.153291681275796,-102.70434485245812,-0.01108764283107613,0.7195365495225212,0.012888071490588376,0.6942464372907696
2024/12/16 14:50:23.329794206,832.899772723365,18.153291681275796,-103.7940966026889,-0.011090935841486885,0.7195364987715948,0.012891248758971258,0.6942463783003173
2024/12/16 14:50:23.429736270,832.899772723365,18.153291681275796,-104.89623242486583,-0.011094228851665342,0.7195364480055977,0.012894426027084132,0.694246319295324
2024/12/16 14:50:23.529607866,832.899772723365,18.153291681275796,-105.99836824704276,-0.011097521861611429,0.7195363972245299,0.012897603294926932,0.6942462602757897
2024/12/16 14:50:23.629586882,832.899772723365,18.153291681275796,-107.08811999727355,-0.011100814871325079,0.7195363464283914,0.012900780562499591,0.6942462012417144
2024/12/16 14:50:23.729577293,832.899772723365,18.153291681275796,-108.20263989139663,-0.011104107880806222,0.7195362956171821,0.012903957829802044,0.6942461421930982
2024/12/16 14:50:23.829580173,832.899772723365,18.153291681275796,-109.30477571357355,-0.01110740089005479,0.7195362447909022,0.012907135096834223,0.694246083129941
2024/12/16 14:50:23.929544511,832.899772723365,18.153291681275796,-110.40691153575048,-0.011110693899070713,0.7195361939495516,0.012910312363596063,0.6942460240522427
2024/12/16 14:50:24.29583722,832.899772723365,18.153291681275796,-111.52143142987356,-0.011113986907853923,0.7195361430931303,0.012913489630087496,0.6942459649600035
2024/12/16 14:50:24.129642243,832.899772723365,18.153291681275796,-112.68548770118818,-0.01111727991640435,0.7195360922216383,0.012916666896308455,0.6942459058532232
2024/12/16 14:50:24.229734385,832.899772723365,18.153291681275796,-113.89908032734259,-0.011120572924721926,0.7195360413350756,0.012919844162258875,0.694245846731902
2024/12/16 14:50:24.329565867,832.899772723365,18.153291681275796,-115.1745934026347,-0.01112386593280658,0.7195359904334423,0.012923021427938688,0.6942457875960398
2024/12/16 14:50:24.429919502,832.899772723365,18.153291681275796,-116.67459340263471,-0.011127158940658246,0.7195359395167382,0.012926198693347829,0.6942457284456367
2024/12/16 14:50:24.529730858,832.899772723365,18.153291681275796,-118.06156328190431,-0.011130451948276852,0.7195358885849635,0.012929375958486231,0.6942456692806925
2024/12/16 14:50:24.629726087,832.899772723365,18.153291681275796,-119.43614907805188,-0.011133744955662333,0.7195358376381181,0.012932553223353826,0.6942456101012074
2024/12/16 14:50:24.729849165,832.899772723365,18.153291681275796,-120.35252355281575,-0.011137037962814617,0.719535786676202,0.01293573048795055,0.6942455509071813
2024/12/16 14:50:26.244317244,832.899772723365,18.153291681275796,-120.41439585630162,-0.011140330969733636,0.7195357356992153,0.012938907752276333,0.6942454916986143
2024/12/16 14:50:26.344522148,832.899772723365,18.153291681275796,-121.03355215732321,-0.01114362397641932,0.7195356847071578,0.01294208501633111,0.6942454324755062
2024/12/16 14:50:26.444095002,832.899772723365,18.153291681275796,-121.86323799435364,-0.011146916982871602,0.7195356337000296,0.012945262280114818,0.6942453732378572
2024/12/16 14:50:26.544975132,832.899772723365,18.153291681275796,-122.69292383138406,-0.01115020998909041,0.7195355826778308,0.012948439543627387,0.6942453139856671
2024/12/16 14:50:26.644486333,832.899772723365,18.153291681275796,-123.51022559646833,-0.011153502995075676,0.7195355316405613,0.01295161680686875,0.6942452547189362
2024/12/16 14:50:26.744561557,832.899772723365,18.153291681275796,-124.30275917295684,-0.011156796000827331,0.7195354805882211,0.01295479406983884,0.6942451954376642
2024/12/16 14:50:26.844857585,832.899772723365,18.153291681275796,-125.13244500998726,-0.01116008900634531,0.7195354295208103,0.012957971332537593,0.6942451361418512
2024/12/16 14:50:26.944193976,832.899772723365,18.153291681275796,-125.94974677507153,-0.011163382011629539,0.7195353784383287,0.012961148594964942,0.6942450768314973
2024/12/16 14:50:27.153933758,832.899772723365,18.153291681275796,-125.96208270136586,-0.011166675016679952,0.7195353273407765,0.01296432585712082,0.6942450175066024
2024/12/16 14:50:27.253789854,832.899772723365,18.153291681275796,-126.96514581386317,-0.011169968021496479,0.7195352762281536,0.012967503119005156,0.6942449581671666
2024/12/16 14:50:27.354169382,832.899772723365,18.153291681275796,-128.41403614785838,-0.01117326102607905,0.7195352251004601,0.01297068038061789,0.6942448988131897
2024/12/16 14:50:27.453939959,832.899772723365,18.153291681275796,-129.87531057056356,-0.011176554030427598,0.7195351739576958,0.012973857641958953,0.694244839444672
2024/12/16 14:50:27.553879994,832.899772723365,18.153291681275796,-131.27466454413104,-0.011179847034542051,0.719535122799861,0.012977034903028279,0.6942447800616132
2024/12/16 14:50:27.654284419,832.899772723365,18.153291681275796,-132.68640260640848,-0.011183140038422343,0.7195350716269554,0.012980212163825802,0.6942447206640134
2024/12/16 14:50:27.753860401,832.899772723365,18.153291681275796,-134.09814066868591,-0.011186433042068403,0.7195350204389792,0.012983389424351453,0.6942446612518728
2024/12/16 14:50:27.854007863,832.899772723365,18.153291681275796,-135.4727264648335,-0.011189726045480165,0.7195349692359323,0.012986566684605166,0.6942446018251911
2024/12/16 14:50:27.953806589,832.899772723365,18.153291681275796,-136.84731226098108,-0.011193019048657557,0.7195349180178148,0.012989743944586876,0.6942445423839685
2024/12/16 14:50:28.54021286,832.899772723365,18.153291681275796,-138.15997760799098,-0.011196312051600512,0.7195348667846265,0.012992921204296515,0.694244482928205
2024/12/16 14:50:28.154261759,832.899772723365,18.153291681275796,-139.44787477758098,-0.01119960505430896,0.7195348155363677,0.012996098463734018,0.6942444234579005
2024/12/16 14:50:28.253883779,832.899772723365,18.153291681275796,-140.7233878528731,-0.011202898056782831,0.7195347642730381,0.012999275722899318,0.694244363973055
2024/12/16 14:50:28.353887296,832.899772723365,18.153291681275796,-141.96174866762328,-0.011206191059022057,0.7195347129946379,0.013002452981792346,0.6942443044736686
2024/12/16 14:50:28.453860833,832.899772723365,18.153291681275796,-143.1877253880756,-0.01120948406102657,0.719534661701167,0.013005630240413039,0.6942442449597412
2024/12/16 14:50:28.553793282,832.899772723365,18.153291681275796,-144.3517816593902,-0.0112127770627963,0.7195346103926255,0.01300880749876133,0.694244185431273
2024/12/16 14:50:28.653898593,832.899772723365,18.153291681275796,-145.50345383640695,-0.011216070064331179,0.7195345590690132,0.013011984756837151,0.6942441258882637
2024/12/16 14:50:28.753826076,832.899772723365,18.153291681275796,-146.66751010772157,-0.011219363065631137,0.7195345077303303,0.013015162014640437,0.6942440663307134
2024/12/16 14:50:28.853876203,832.899772723365,18.153291681275796,-147.8191822847383,-0.011222656066696106,0.7195344563765769,0.01301833927217112,0.6942440067586223
2024/12/16 14:50:28.953840511,832.899772723365,18.153291681275796,-148.93370217886138,-0.011225949067526017,0.7195344050077527,0.013021516529429131,0.6942439471719902
2024/12/16 14:50:29.53829019,832.899772723365,18.153291681275796,-150.01106981244254,-0.0112292420681208,0.7195343536238579,0.013024693786414408,0.6942438875708171
2024/12/16 14:50:29.153760695,832.899772723365,18.153291681275796,-150.12247849311996,-0.011232535068480385,0.7195343022248923,0.013027871043126882,0.6942438279551031
2024/12/16 14:50:29.262768695,832.899772723365,18.153291681275796,-150.08537442293334,-0.011235828068604705,0.7195342508108562,0.013031048299566488,0.6942437683248481
2024/12/16 14:50:29.362652996,832.899772723365,18.153291681275796,-149.29284084644485,-0.01123912106849369,0.7195341993817495,0.013034225555733159,0.6942437086800523
2024/12/16 14:50:29.462783672,832.899772723365,18.153291681275796,-148.73560494985747,-0.011242414068147272,0.719534147937572,0.013037402811626827,0.6942436490207154
2024/12/16 14:50:29.562782744,832.899772723365,18.153291681275796,-148.06691227164436,-0.011245707067565383,0.7195340964783239,0.013040580067247426,0.6942435893468377
2024/12/16 14:50:29.662660006,832.899772723365,18.153291681275796,-146.97716052141357,-0.011249000066747951,0.7195340450040052,0.013043757322594891,0.6942435296584191
2024/12/16 14:50:29.762733254,832.899772723365,18.153291681275796,-145.61495881956387,-0.01125229306569491,0.7195339935146158,0.013046934577669155,0.6942434699554594
2024/12/16 14:50:29.862875818,832.899772723365,18.153291681275796,-144.11495881956387,-0.011255586064406188,0.7195339420101557,0.013050111832470151,0.6942434102379588
2024/12/16 14:50:29.962788805,832.899772723365,18.153291681275796,-142.61495881956387,-0.011258879062881718,0.7195338904906251,0.013053289086997813,0.6942433505059172
2024/12/16 14:50:30.63013468,832.899772723365,18.153291681275796,-141.03912916090655,-0.011262172061121432,0.7195338389560239,0.013056466341252071,0.6942432907593348
2024/12/16 14:50:30.162697208,832.899772723365,18.153291681275796,-139.10416091289687,-0.011265465059125257,0.7195337874063519,0.013059643595232862,0.6942432309982114
2024/12/16 14:50:30.262991596,832.899772723365,18.153291681275796,-137.0701199552076,-0.011268758056893128,0.7195337358416093,0.013062820848940119,0.6942431712225471
2024/12/16 14:50:30.362816211,832.899772723365,18.153291681275796,-134.8379335334556,-0.011272051054424975,0.7195336842617961,0.013065998102373775,0.6942431114323419
2024/12/16 14:50:30.462945934,832.899772723365,18.153291681275796,-132.58097892310786,-0.01127534405172073,0.7195336326669122,0.013069175355533764,0.6942430516275957
2024/12/16 14:50:30.563041031,832.899772723365,18.153291681275796,-130.32402431276012,-0.011278637048780321,0.7195335810569576,0.013072352608420018,0.6942429918083086
2024/12/16 14:50:30.662972938,832.899772723365,18.153291681275796,-128.02991744187045,-0.011281930045603681,0.7195335294319325,0.013075529861032472,0.6942429319744806
2024/12/16 14:50:30.762809235,832.899772723365,18.153291681275796,-125.82249920871425,-0.011285223042190743,0.7195334777918367,0.01307870711337106,0.6942428721261117
2024/12/16 14:50:30.862866655,832.899772723365,18.153291681275796,-123.83799458351304,-0.011288516038541434,0.7195334261366704,0.013081884365435713,0.6942428122632018
2024/12/16 14:50:30.962755669,832.899772723365,18.153291681275796,-121.95256266799142,-0.011291809034655688,0.7195333744664333,0.013085061617226368,0.6942427523857511
2024/12/16 14:50:31.62964689,832.899772723365,18.153291681275796,-120.05474668052365,-0.011295102030533433,0.7195333227811256,0.013088238868742955,0.6942426924937594
2024/12/16 14:50:31.163070670,832.899772723365,18.153291681275796,-118.16931476500203,-0.011298395026174603,0.7195332710807473,0.013091416119985407,0.6942426325872267
2024/12/16 14:50:31.263031597,832.899772723365,18.153291681275796,-116.27149877753426,-0.01130168802157913,0.7195332193652983,0.01309459337095366,0.6942425726661532
2024/12/16 14:50:31.363098356,832.899772723365,18.153291681275796,-114.3736827900665,-0.011304981016746941,0.7195331676347788,0.013097770621647646,0.6942425127305387
2024/12/16 14:50:31.462868563,832.899772723365,18.153291681275796,-112.46348273065259,-0.01130827401167797,0.7195331158891887,0.0131009478720673,0.6942424527803833
2024/12/16 14:50:31.562891219,832.899772723365,18.153291681275796,-110.55328267123868,-0.011311567006372146,0.7195330641285278,0.013104125122212556,0.694242392815687
2024/12/16 14:50:31.663176101,832.899772723365,18.153291681275796,-108.259175800349,-0.011314860000829402,0.7195330123527963,0.013107302372083345,0.6942423328364499
2024/12/16 14:50:31.762698693,832.899772723365,18.153291681275796,-106.1508302768724,-0.011318152995049667,0.7195329605619942,0.0131104796216796,0.6942422728426719
2024/12/16 14:50:31.862941244,832.899772723365,18.153291681275796,-103.91864385512042,-0.011321445989032874,0.7195329087561215,0.013113656871001257,0.6942422128343531
2024/12/16 14:50:31.962953044,832.899772723365,18.153291681275796,-101.68645743336843,-0.011324738982778955,0.7195328569351782,0.013116834120048248,0.6942421528114933
2024/12/16 14:50:32.62826472,832.899772723365,18.153291681275796,-99.67718461957143,-0.011328031976287838,0.7195328050991643,0.013120011368820508,0.6942420927740925
2024/12/16 14:50:32.162962152,832.899772723365,18.153291681275796,-97.68029592242407,-0.011331324969559456,0.7195327532480797,0.01312318861731797,0.6942420327221509
2024/12/16 14:50:32.262645637,832.899772723365,18.153291681275796,-95.47287768926786,-0.011334617962593737,0.7195327013819246,0.013126365865540566,0.6942419726556683
2024/12/16 14:50:32.362793811,832.899772723365,18.153291681275796,-92.96824128236936,-0.011337910955390615,0.7195326495006988,0.013129543113488228,0.6942419125746448
2024/12/16 14:50:32.462873173,832.899772723365,18.153291681275796,-90.43883673157858,-0.011341203947950022,0.7195325976044025,0.013132720361160893,0.6942418524790805
2024/12/16 14:50:32.562866622,832.899772723365,18.153291681275796,-87.88466394748853,-0.011344496940271885,0.7195325456930355,0.013135897608558494,0.6942417923689753
2024/12/16 14:50:32.663308091,832.899772723365,18.153291681275796,-85.19426623788046,-0.011347789932356139,0.7195324937665979,0.013139074855680964,0.6942417322443292
2024/12/16 14:50:32.763184285,832.899772723365,18.153291681275796,-82.41717989053892,-0.011351082924202713,0.7195324418250896,0.013142252102528236,0.6942416721051421
2024/12/16 14:50:32.862998682,832.899772723365,18.153291681275796,-79.64009354319738,-0.01135437591581154,0.7195323898685106,0.013145429349100242,0.6942416119514142
2024/12/16 14:50:32.963244277,832.899772723365,18.153291681275796,-76.86300719585584,-0.011357668907182547,0.7195323378968611,0.013148606595396916,0.6942415517831454
2024/12/16 14:50:33.62978211,832.899772723365,18.153291681275796,-74.0859208485143,-0.01136096189831567,0.719532285910141,0.013151783841418194,0.6942414916003357
2024/12/16 14:50:33.162700983,832.899772723365,18.153291681275796,-71.33360264506506,-0.011364254889210836,0.7195322339083502,0.013154961087164008,0.694241431402985
2024/12/16 14:50:33.262905446,832.899772723365,18.153291681275796,-68.63082081880735,-0.011367547879867978,0.7195321818914889,0.013158138332634291,0.6942413711910935
2024/12/16 14:50:33.362977464,832.899772723365,18.153291681275796,-65.91565487590002,-0.011370840870287027,0.7195321298595571,0.013161315577828975,0.6942413109646611
2024/12/16 14:50:33.463023021,832.899772723365,18.153291681275796,-63.175720789100396,-0.011374133860467912,0.7195320778125546,0.013164492822747996,0.6942412507236878
2024/12/16 14:50:33.562901386,832.899772723365,18.153291681275796,-60.47293896284269,-0.011377426850410566,0.7195320257504815,0.013167670067391286,0.6942411904681737
2024/12/16 14:50:33.663012529,832.899772723365,18.153291681275796,-57.78254125323461,-0.011380719840114921,0.7195319736733378,0.013170847311758781,0.6942411301981186
2024/12/16 14:50:33.762954965,832.899772723365,18.153291681275796,-55.11691168751882,-0.011384012829580908,0.7195319215811234,0.013174024555850412,0.6942410699135226
2024/12/16 14:50:33.862884054,832.899772723365,18.153291681275796,-52.4388980051534,-0.011387305818808455,0.7195318694738385,0.013177201799666114,0.6942410096143858
2024/12/16 14:50:33.962976445,832.899772723365,18.153291681275796,-49.76088432278798,-0.011390598807797496,0.719531817351483,0.013180379043205818,0.6942409493007081
2024/12/16 14:50:34.62741060,832.899772723365,18.153291681275796,-47.09525475707219,-0.01139389179654796,0.7195317652140568,0.013183556286469458,0.6942408889724895
2024/12/16 14:50:34.163049442,832.899772723365,18.153291681275796,-44.4296251913564,-0.011397184785059777,0.71953171306156,0.013186733529456969,0.69424082862973
2024/12/16 14:50:34.262971021,832.899772723365,18.153291681275796,-41.76399562564061,-0.011400477773332881,0.7195316608939927,0.013189910772168283,0.6942407682724296
2024/12/16 14:50:34.362946045,832.899772723365,18.153291681275796,-39.09836605992482,-0.011403770761367202,0.7195316087113547,0.013193088014603336,0.6942407079005883
2024/12/16 14:50:34.463118875,832.899772723365,18.153291681275796,-36.43273649420903,-0.011407063749162673,0.7195315565136462,0.013196265256762058,0.6942406475142062
2024/12/16 14:50:34.562810735,832.899772723365,18.153291681275796,-33.76710692849324,-0.011410356736719222,0.7195315043008671,0.013199442498644385,0.6942405871132832
2024/12/16 14:50:34.662801581,832.899772723365,18.153291681275796,-31.089093246127824,-0.011413649724036782,0.7195314520730174,0.013202619740250249,0.6942405266978193
2024/12/16 14:50:34.762830705,832.899772723365,18.153291681275796,-28.423463680412038,-0.01141694271111528,0.7195313998300971,0.013205796981579584,0.6942404662678145
2024/12/16 14:50:34.862654735,832.899772723365,18.153291681275796,-26.141740926172,-0.011420235697954651,0.7195313475721061,0.013208974222632324,0.694240405823269
2024/12/16 14:50:34.962720133,832.899772723365,18.153291681275796,-24.641740926172,-0.011423528684554827,0.7195312952990446,0.013212151463408402,0.6942403453641824
2024/12/16 14:50:35.591506043,832.8967224786024,18.800410950050782,-24.641740926172,-0.011426821670915735,0.7195312430109125,0.01321532870390775,0.6942402848905551
2024/12/16 14:50:35.691809630,832.8689040539751,19.74474834786458,-24.641740926172,-0.011430114657037308,0.7195311907077099,0.013218505944130304,0.6942402244023869
2024/12/16 14:50:35.791776481,832.8658538092126,20.73862212286992,-24.641740926172,-0.011433407642919478,0.7195311383894366,0.013221683184075995,0.6942401638996778
2024/12/16 14:50:35.891549425,832.8628035644501,21.955409550533723,-24.641740926172,-0.011436700628562176,0.7195310860560927,0.01322486042374476,0.6942401033824278
2024/12/16 14:50:35.991581176,832.8597533196876,23.246501499281358,-24.641740926172,-0.01143999361396533,0.7195310337076783,0.01322803766313653,0.694240042850637
2024/12/16 14:50:36.91568955,832.856703074925,24.56236159192128,-24.641740926172,-0.011443286599128875,0.7195309813441934,0.013231214902251237,0.6942399823043053
2024/12/16 14:50:36.191578114,832.8536528301624,25.828685396776628,-24.641740926172,-0.01144657958405274,0.7195309289656378,0.013234392141088817,0.6942399217434327
2024/12/16 14:50:36.291532133,832.8258344055353,27.14454548941655,-24.641740926172,-0.011449872568736856,0.7195308765720115,0.013237569379649202,0.6942398611680193
2024/12/16 14:50:36.391557758,832.8227841607727,28.212723785505723,-24.641740926172,-0.011453165553181155,0.7195308241633148,0.013240746617932326,0.694239800578065
2024/12/16 14:50:36.492256755,832.8197339160103,29.256133937702604,-24.641740926172,-0.011456458537385566,0.7195307717395475,0.013243923855938124,0.6942397399735699
2024/12/16 14:50:36.868571911,832.8197339160103,29.259280556540094,-24.629404999877675,-0.011459751521350021,0.7195307193007096,0.013247101093666527,0.6942396793545339
2024/12/16 14:50:36.968672783,832.8197339160103,29.262427175377585,-22.570595853592618,-0.011463044505074453,0.7195306668468011,0.013250278331117468,0.6942396187209571
2024/12/16 14:50:37.69329783,832.8197339160103,29.265573794215076,-20.375561692382558,-0.011466337488558792,0.7195306143778221,0.013253455568290882,0.6942395580728393
2024/12/16 14:50:37.168683259,832.8197339160103,29.268720413052566,-17.722316243316396,-0.011469630471802968,0.7195305618937724,0.013256632805186703,0.6942394974101808
2024/12/16 14:50:37.268771738,832.8197339160103,29.271867031890057,-14.722316243316397,-0.011472923454806912,0.7195305093946522,0.013259810041804864,0.6942394367329814
2024/12/16 14:50:37.369013402,832.8197339160103,29.275013650727548,-11.722316243316397,-0.011476216437570555,0.7195304568804615,0.013262987278145299,0.6942393760412411
2024/12/16 14:50:37.468947890,832.8197339160103,29.27816026956504,-8.722316243316397,-0.01147950942009383,0.7195304043512001,0.013266164514207939,0.69423931533496
2024/12/16 14:50:37.569191300,832.8197339160103,29.28130688840253,-5.734700359966025,-0.011482802402376665,0.7195303518068682,0.01326934174999272,0.694239254614138
2024/12/16 14:50:37.669259267,832.8197339160103,29.28445350724002,-2.747084476615653,-0.011486095384418993,0.7195302992474657,0.013272518985499573,0.6942391938787752
2024/12/16 14:50:37.769190672,832.8197339160103,29.28760012607751,0.2405314067347195,-0.011489388366220746,0.7195302466729926,0.013275696220728436,0.6942391331288715
2024/12/16 14:50:37.869073325,832.8197339160103,29.28760012607751,3.228147290085092,-0.011492681347781853,0.719530194083449,0.013278873455679237,0.6942390723644271
2024/12/16 14:50:37.968692304,832.8971850705999,28.31859087567506,6.228147290085092,-0.011495974329102246,0.7195301414788348,0.013282050690351915,0.6942390115854418
2024/12/16 14:50:38.68665737,833.1232453120608,26.35885452847657,8.81947233471705,-0.011499267310181856,0.71953008885915,0.013285227924746398,0.6942389507919156
2024/12/16 14:50:38.168734425,833.3493055535216,23.804681833793495,11.460333667133584,-0.011502560291020614,0.7195300362243947,0.01328840515886262,0.6942388899838485
2024/12/16 14:50:38.268859131,833.6001339612264,21.300045426894997,14.324108652208581,-0.01150585327161845,0.7195299835745689,0.01329158239270052,0.6942388291612407
2024/12/16 14:50:38.369069347,833.9004987237711,18.547727223445747,17.225035897825492,-0.011509146251975294,0.7195299309096724,0.013294759626260026,0.694238768324092
2024/12/16 14:50:38.469017848,834.1017907766361,15.547727223445747,20.07642676625086,-0.01151243923209108,0.7195298782297054,0.013297936859541074,0.6942387074724025
2024/12/16 14:50:38.568934280,834.1017907766361,15.547727223445747,22.704904071424735,-0.011515732211965737,0.7195298255346678,0.013301114092543595,0.6942386466061721
2024/12/16 14:50:38.668846401,834.1017907766361,15.547727223445747,23.24975585136248,-0.011519025191599199,0.7195297728245597,0.013304291325267524,0.6942385857254009
2024/12/16 14:50:38.933376976,834.1017907766361,15.547727223445747,23.39831679258181,-0.011522318170991395,0.719529720099381,0.013307468557712795,0.6942385248300889
2024/12/16 14:50:39.34168400,834.1017907766361,15.547727223445747,26.39831679258181,-0.011525611150142254,0.7195296673591317,0.013310645789879342,0.694238463920236
2024/12/16 14:50:39.133934294,834.1017907766361,15.547727223445747,29.39831679258181,-0.01152890412905171,0.7195296146038119,0.013313823021767097,0.6942384029958423
2024/12/16 14:50:39.233883131,834.1017907766361,15.547727223445747,32.39831679258181,-0.011532197107719694,0.7195295618334215,0.013317000253375995,0.6942383420569077
2024/12/16 14:50:39.333850456,834.1017907766361,15.547727223445747,35.39831679258181,-0.011535490086146134,0.7195295090479606,0.013320177484705965,0.6942382811034323
2024/12/16 14:50:39.433854521,834.1017907766361,15.547727223445747,38.39831679258181,-0.011538783064330965,0.7195294562474291,0.013323354715756946,0.6942382201354161
2024/12/16 14:50:39.534108761,834.1017907766361,15.547727223445747,41.39831679258181,-0.011542076042274115,0.7195294034318271,0.013326531946528868,0.6942381591528591
2024/12/16 14:50:39.633803257,834.1017907766361,15.547727223445747,44.39831679258181,-0.011545369019975518,0.7195293506011546,0.013329709177021667,0.6942380981557613
2024/12/16 14:50:39.733831568,834.1017907766361,15.547727223445747,47.39831679258181,-0.011548661997435102,0.7195292977554115,0.013332886407235275,0.6942380371441227
2024/12/16 14:50:39.833866224,834.1017907766361,15.547727223445747,50.39831679258181,-0.0115519549746528,0.7195292448945979,0.013336063637169625,0.6942379761179432
2024/12/16 14:50:39.934114101,834.1017907766361,15.547727223445747,53.39831679258181,-0.011555247951628541,0.7195291920187137,0.01333924086682465,0.694237915077223
2024/12/16 14:50:40.33898247,834.1017907766361,15.547727223445747,56.3983167925818,-0.011558540928362258,0.719529139127759,0.013342418096200287,0.6942378540219619
2024/12/16 14:50:40.134128067,834.1017907766361,15.547727223445747,59.39831679258181,-0.01156183390485388,0.7195290862217337,0.013345595325296467,0.6942377929521599
2024/12/16 14:50:40.233883478,834.1017907766361,15.547727223445747,62.39831679258181,-0.01156512688110334,0.7195290333006379,0.013348772554113124,0.6942377318678171
2024/12/16 14:50:40.333831475,834.1017907766361,15.547727223445747,65.39831679258181,-0.011568419857110566,0.7195289803644715,0.01335194978265019,0.6942376707689335
2024/12/16 14:50:40.433749432,834.1017907766361,15.547727223445747,68.39831679258181,-0.011571712832875496,0.7195289274132346,0.013355127010907597,0.6942376096555091
2024/12/16 14:50:40.533904934,834.1017907766361,15.547727223445747,71.39831679258181,-0.011575005808398054,0.7195288744469271,0.013358304238885283,0.6942375485275438
2024/12/16 14:50:40.633695802,834.1017907766361,15.547727223445747,74.39831679258181,-0.011578298783678173,0.7195288214655492,0.013361481466583178,0.6942374873850378
2024/12/16 14:50:40.733873018,834.1017907766361,15.547727223445747,77.39831679258181,-0.011581591758715785,0.7195287684691006,0.013364658694001217,0.6942374262279909
2024/12/16 14:50:40.833720487,834.1017907766361,15.547727223445747,80.39831679258181,-0.01158488473351082,0.7195287154575816,0.013367835921139335,0.6942373650564033
2024/12/16 14:50:40.933787028,834.1017907766361,15.547727223445747,83.39831679258181,-0.011588177708063209,0.719528662430992,0.01337101314799746,0.6942373038702749
2024/12/16 14:50:41.33783054,834.1017907766361,15.547727223445747,86.39831679258181,-0.011591470682372883,0.7195286093893318,0.013374190374575531,0.6942372426696057
2024/12/16 14:50:41.133776837,834.1017907766361,15.547727223445747,89.39831679258181,-0.011594763656439775,0.7195285563326012,0.013377367600873479,0.6942371814543957
2024/12/16 14:50:41.233832294,834.1017907766361,15.547727223445747,92.39831679258181,-0.011598056630263816,0.7195285032608,0.013380544826891239,0.6942371202246449
2024/12/16 14:50:41.333587914,834.1017907766361,15.547727223445747,95.39831679258181,-0.011601349603844935,0.7195284501739283,0.013383722052628742,0.6942370589803533
2024/12/16 14:50:41.433639647,834.1017907766361,15.547727223445747,98.39831679258181,-0.011604642577183062,0.719528397071986,0.013386899278085925,0.6942369977215208
2024/12/16 14:50:41.533637848,834.1017907766361,15.547727223445747,101.3983167925818,-0.01160793555027813,0.7195283439549732,0.013390076503262717,0.6942369364481475
2024/12/16 14:50:41.633950931,834.1017907766361,15.547727223445747,104.3983167925818,-0.01161122852313007,0.7195282908228899,0.013393253728159055,0.6942368751602335
2024/12/16 14:50:41.733691230,834.1017907766361,15.547727223445747,107.39831679258181,-0.011614521495738812,0.7195282376757361,0.01339643095277487,0.6942368138577786
2024/12/16 14:50:41.833770212,834.1017907766361,15.547727223445747,110.39831679258181,-0.011617814468104289,0.7195281845135117,0.013399608177110098,0.694236752540783
2024/12/16 14:50:41.933838431,834.1017907766361,15.547727223445747,113.39831679258181,-0.011621107440226429,0.7195281313362168,0.013402785401164671,0.6942366912092466
2024/12/16 14:50:42.33808046,834.1017907766361,15.547727223445747,116.39831679258181,-0.011624400412105164,0.7195280781438514,0.013405962624938522,0.6942366298631694
2024/12/16 14:50:42.133838936,834.1017907766361,15.547727223445747,119.39831679258181,-0.01162769338374043,0.7195280249364155,0.013409139848431584,0.6942365685025513
2024/12/16 14:50:42.233966374,834.1017907766361,15.547727223445747,122.39831679258182,-0.011630986355132152,0.7195279717139091,0.013412317071643793,0.6942365071273925
2024/12/16 14:50:42.333813344,834.1017907766361,15.547727223445747,125.39831679258182,-0.011634279326280264,0.7195279184763321,0.013415494294575081,0.6942364457376928
2024/12/16 14:50:42.434063601,834.1017907766361,15.547727223445747,128.39831679258182,-0.011637572297184694,0.7195278652236846,0.013418671517225382,0.6942363843334525
2024/12/16 14:50:42.533757198,834.1017907766361,15.547727223445747,131.39831679258182,-0.011640865267845376,0.7195278119559666,0.013421848739594629,0.6942363229146713
2024/12/16 14:50:42.633892350,834.1017907766361,15.547727223445747,134.39831679258182,-0.01164415823826224,0.7195277586731781,0.013425025961682753,0.6942362614813493
2024/12/16 14:50:42.733817930,834.1017907766361,15.547727223445747,137.39831679258182,-0.011647451208435217,0.7195277053753191,0.01342820318348969,0.6942362000334865
2024/12/16 14:50:42.833915613,834.1017907766361,15.547727223445747,140.39831679258182,-0.011650744178364236,0.7195276520623896,0.013431380405015373,0.694236138571083
2024/12/16 14:50:42.934059092,834.1017907766361,15.547727223445747,143.39831679258182,-0.011654037148049232,0.7195275987343895,0.013434557626259737,0.6942360770941387
2024/12/16 14:50:43.33821603,834.1017907766361,15.547727223445747,146.39831679258182,-0.011657330117490134,0.719527545391319,0.013437734847222714,0.6942360156026536
2024/12/16 14:50:43.133899107,834.1017907766361,15.547727223445747,149.39831679258182,-0.011660623086686873,0.7195274920331779,0.013440912067904237,0.6942359540966277
2024/12/16 14:50:43.233600506,834.1017907766361,15.547727223445747,152.39831679258182,-0.01166391605563938,0.7195274386599663,0.01344408928830424,0.6942358925760611
2024/12/16 14:50:43.333815167,834.1017907766361,15.547727223445747,155.39831679258182,-0.011667209024347586,0.7195273852716841,0.013447266508422656,0.6942358310409537
2024/12/16 14:50:43.433856783,834.1017907766361,15.547727223445747,158.39831679258182,-0.011670501992811423,0.7195273318683315,0.01345044372825942,0.6942357694913055
2024/12/16 14:50:43.533608773,834.1017907766361,15.547727223445747,161.39831679258182,-0.01167379496103082,0.7195272784499084,0.013453620947814464,0.6942357079271165
2024/12/16 14:50:43.633957246,834.1017907766361,15.547727223445747,164.39831679258182,-0.01167708792900571,0.7195272250164148,0.013456798167087721,0.6942356463483867
2024/12/16 14:50:43.733712786,834.1017907766361,15.547727223445747,167.39831679258182,-0.011680380896736025,0.7195271715678506,0.013459975386079126,0.6942355847551163
2024/12/16 14:50:43.833727491,834.1017907766361,15.547727223445747,170.39831679258182,-0.011683673864221693,0.719527118104216,0.01346315260478861,0.694235523147305
2024/12/16 14:50:43.933911602,834.1017907766361,15.547727223445747,173.39831679258182,-0.011686966831462647,0.7195270646255109,0.01346632982321611,0.6942354615249529
2024/12/16 14:50:44.33901316,834.1017907766361,15.547727223445747,176.39831679258182,-0.011690259798458816,0.7195270111317352,0.013469507041361559,0.69423539988806
2024/12/16 14:50:44.134011472,834.1017907766361,15.547727223445747,179.39831679258182,-0.011693552765210133,0.7195269576228891,0.013472684259224888,0.6942353382366264
2024/12/16 14:50:44.233922340,834.1017907766361,15.547727223445747,182.39831679258182,-0.011696845731716528,0.7195269040989725,0.013475861476806033,0.6942352765706521
2024/12/16 14:50:44.333849234,834.1017907766361,15.547727223445747,185.39831679258182,-0.011700138697977933,0.7195268505599853,0.013479038694104923,0.694235214890137
2024/12/16 14:50:44.434191080,834.1017907766361,15.547727223445747,188.39831679258182,-0.011703431663994278,0.7195267970059277,0.013482215911121495,0.6942351531950811
2024/12/16 14:50:44.533952810,834.1017907766361,15.547727223445747,191.39831679258182,-0.011706724629765495,0.7195267434367996,0.013485393127855683,0.6942350914854845
2024/12/16 14:50:44.633941716,834.1017907766361,15.547727223445747,194.39831679258182,-0.011710017595291515,0.7195266898526009,0.01348857034430742,0.6942350297613471
2024/12/16 14:50:44.733861469,834.1017907766361,15.547727223445747,197.39831679258182,-0.011713310560572269,0.7195266362533318,0.013491747560476637,0.6942349680226689
2024/12/16 14:50:44.833826393,834.1017907766361,15.547727223445747,200.39831679258185,-0.011716603525607687,0.7195265826389922,0.013494924776363269,0.6942349062694501
2024/12/16 14:50:44.934140332,834.1017907766361,15.547727223445747,203.39831679258188,-0.0117198964903977,0.7195265290095821,0.01349810199196725,0.6942348445016904
2024/12/16 14:50:45.33683160,834.1017907766361,15.547727223445747,206.39831679258188,-0.01172318945494224,0.7195264753651017,0.013501279207288514,0.69423478271939
2024/12/16 14:50:45.133702823,834.1017907766361,15.547727223445747,209.39831679258188,-0.011726482419241237,0.7195264217055508,0.013504456422326994,0.6942347209225488
2024/12/16 14:50:45.233866441,834.1017907766361,15.547727223445747,212.3983167925819,-0.011729775383294623,0.7195263680309294,0.013507633637082623,0.6942346591111669
2024/12/16 14:50:45.333815074,834.1017907766361,15.547727223445747,215.3983167925819,-0.011733068347102329,0.7195263143412375,0.013510810851555335,0.6942345972852442
2024/12/16 14:50:45.433689842,834.1017907766361,15.547727223445747,218.3983167925819,-0.011736361310664287,0.7195262606364751,0.013513988065745062,0.6942345354447808
2024/12/16 14:50:45.534017866,834.1017907766361,15.547727223445747,221.39831679258194,-0.011739654273980426,0.7195262069166422,0.013517165279651737,0.6942344735897765
2024/12/16 14:50:45.633795665,834.1017907766361,15.547727223445747,224.39831679258197,-0.011742947237050678,0.7195261531817387,0.013520342493275297,0.6942344117202316
2024/12/16 14:50:45.733754278,834.1017907766361,15.547727223445747,227.39831679258197,-0.011746240199874974,0.7195260994317649,0.013523519706615672,0.694234349836146
2024/12/16 14:50:45.833789381,834.1017907766361,15.547727223445747,230.39831679258197,-0.011749533162453245,0.7195260456667206,0.013526696919672797,0.6942342879375195
2024/12/16 14:50:45.933947635,834.1017907766361,15.547727223445747,233.398316792582,-0.01175282612478542,0.7195259918866058,0.013529874132446605,0.6942342260243524
2024/12/16 14:50:46.33795313,834.1017907766361,15.547727223445747,236.39831679258202,-0.011756119086871434,0.7195259380914205,0.01353305134493703,0.6942341640966444
2024/12/16 14:50:46.133679134,834.1017907766361,15.547727223445747,239.39831679258202,-0.011759412048711214,0.7195258842811647,0.013536228557144004,0.6942341021543957
2024/12/16 14:50:46.233817314,834.1017907766361,15.547727223445747,242.39831679258202,-0.011762705010304695,0.7195258304558385,0.013539405769067463,0.6942340401976064
2024/12/16 14:50:46.333833765,834.1017907766361,15.547727223445747,245.39831679258205,-0.011765997971651806,0.7195257766154418,0.01354258298070734,0.6942339782262762
2024/12/16 14:50:46.433857952,834.1017907766361,15.547727223445747,248.39831679258205,-0.011769290932752478,0.7195257227599746,0.013545760192063567,0.6942339162404053
2024/12/16 14:50:46.534047012,834.1017907766361,15.547727223445747,251.39831679258205,-0.011772583893606641,0.7195256688894369,0.013548937403136077,0.6942338542399937
2024/12/16 14:50:46.634035171,834.1017907766361,15.547727223445747,254.39831679258208,-0.011775876854214228,0.7195256150038288,0.013552114613924804,0.6942337922250414
2024/12/16 14:50:46.733871157,834.1017907766361,15.547727223445747,257.3983167925821,-0.011779169814575169,0.7195255611031502,0.013555291824429683,0.6942337301955483
2024/12/16 14:50:46.833891397,834.1017907766361,15.547727223445747,260.3983167925821,-0.011782462774689395,0.7195255071874012,0.013558469034650647,0.6942336681515145
2024/12/16 14:50:46.933923671,834.1017907766361,15.547727223445747,263.3983167925821,-0.011785755734556836,0.7195254532565817,0.013561646244587628,0.69423360609294
2024/12/16 14:50:47.33771278,834.1017907766361,15.547727223445747,266.3983167925821,-0.011789048694177424,0.7195253993106917,0.013564823454240559,0.6942335440198248
2024/12/16 14:50:47.133743139,834.1017907766361,15.547727223445747,269.3983167925821,-0.011792341653551093,0.7195253453497312,0.013568000663609374,0.6942334819321688
2024/12/16 14:50:47.233864551,834.1017907766361,15.547727223445747,272.3983167925821,-0.01179563461267777,0.7195252913737002,0.01357117787269401,0.6942334198299721
2024/12/16 14:50:47.333969401,834.1017907766361,15.547727223445747,275.3983167925821,-0.011798927571557389,0.7195252373825989,0.013574355081494396,0.6942333577132347
2024/12/16 14:50:47.433808889,834.1017907766361,15.547727223445747,276.5995253244386,-0.011802220530189879,0.719525183376427,0.013577532290010469,0.6942332955819566
